Lead Name,Website,Website Available,Phone,Lead Score,Priority,Rating,Source,Location,Industry,Recommended Services,Service Opportunity Score,Email,Founder Name,Social Media
Aadhya Education,,No,+91 93408 26006,88,Medium,4.4,SerpAPI,"Agarwal Plaza, B6, Mig Colony, New Palasia, Indore, Madhya Pradesh 452011, India",education,,,,,
Fly Future Education,https://flyfuture.in/,Yes,+91 62627 37335,100,High,5.0,SerpAPI,"Heritage Building, 203, 582, Mahatma Gandhi Rd, opposite Hukumchand, Ghantaghar, Indore, Madhya Pradesh 452003, India",education,,,,,
Infywings Education,,No,+91 98266 70194,98,High,4.9,SerpAPI,"EE 303, 1st Floor, Service line, above Guru Nanak Decor, near Mayur hospital, Mangalmurti Krishnaji Nagar, Bengali square, Indore, Madhya Pradesh 452016, India",education,,,,,
LAKSHYA MBBS Overseas,https://lakshyambbs.com/,Yes,+91 91117 77949,98,High,4.9,SerpAPI,"3rd Floor, Tulsi Tower, 306, Gita Bhawan Rd, above Nexa Showroom, South Tukoganj, Indore, Madhya Pradesh 452001, India",education,,,,,
Eduwings Institute Indore,https://www.eduwingsinstitute.in/,Yes,+91 91314 78001,98,High,4.9,SerpAPI,"1st Floor, 47-A, near Puma Showroom, Tower Square, Anand Nagar, Indore, Madhya Pradesh 452014, India",education,,,,,
SSM Educational Academy,https://card.digitronglobal.com/SSM-EDUCATIONAL-ACADEMY,Yes,+91 98276 52925,98,High,4.9,SerpAPI,"1850-D, Sudama Nagar Main Rd, behind Lucky Bekery, Sector D, Sudama Nagar, Indore, Madhya Pradesh 452009, India",education,,,,,
The Daly College,http://www.dalycollege.org/,Yes,+91 731 271 9000,0,Low,0.0,SerpAPI,"1, Residency Area, Indore, Madhya Pradesh 452001, India",education,,,,,
Eminence Education,http://www.robonence.com/,Yes,,96,High,4.8,SerpAPI,"19/1, Race Course Rd, opposite Ronak Villa, Race Course Road, Indore, Madhya Pradesh 452003, India",education,,,,,
Talent education indore,,No,+91 75091 15685,98,High,4.9,SerpAPI,"Nemawar Rd, in front of HDFC bank, Palda Naka, Shriram Nagar, Palda, Indore, Madhya Pradesh 452001, India",education,,,,,
T.I.M.E. Indore,https://www.time4education.com/Indore,Yes,+91 97520 27551,86,Medium,4.3,SerpAPI,"LIC Tower, 4th Floor, Unit - B, Opp C21 Mall Near BPCL Petrol Pump Mob -9752027551, Indore, Madhya Pradesh 452001, India",education,,,,,
Admission India | Educational consultant in Indore,https://admissionindia.net/,Yes,+91 72006 93334,98,High,4.9,SerpAPI,"Erfolg Consulting Pvt Ltd 45, near Apna Sweet, Patel Nagar, Indore, Madhya Pradesh 452001, India",education,,,,,
"School of Education, DAVV",,No,,90,High,4.5,SerpAPI,"Ranawar Trade Center, 202, AB Rd, Bhavarkuan Square, Ashok Nagar, Vishnu Puri Colony, Indore, Madhya Pradesh 452001, India",education,,,,,
DIVINE EDUCATION,https://divineeducation.co.in/,Yes,+91 93001 83001,94,High,4.7,SerpAPI,"3rd Floor, Veda Business Park, 310, Bhawarkua Main Rd, Bhanwar Kuwa, Indore, Madhya Pradesh 452001, India",education,,,,,
IILMT Educom Pvt. Ltd.,http://www.iilmt.com/,Yes,,88,Medium,4.4,SerpAPI,"Building 18, Kanchan Sagar, IILMT, M-3-4, AB Rd, Near Industry House, New Palasia, Indore, Madhya Pradesh 452001, India",education,,,,,
The Inspire Education,,No,,100,High,5.0,SerpAPI,"101, Ranawat Trade Center, MP SH 27, Bhanwar Kuwa, Indore, Madhya Pradesh 452001, India",education,,,,,
Podar International School (CBSE) Indore - Vijaynagar,http://www.podareducation.org/school/indore/?utm_source=gmb&utm_medium=organic&utm_campaign=gmb_indore_cbse,Yes,+91 63664 37967,84,Medium,4.2,SerpAPI,"Satya Sai Circle, Scheme No.74, A.B.Road, behind Shri Panchmukhi Hanuman Mandir, Indore, Madhya Pradesh 452010, India",education,,,,,
The Emerald Heights International School,http://www.emeraldheights.edu.in/,Yes,+91 87200 09992,0,Low,0.0,SerpAPI,"A.B. Road, Rau, opposite Akashwani, Indore, Madhya Pradesh 453331, India",education,,,,,
Parama Education,https://paramaeducation.com/,Yes,+91 96911 13103,96,High,4.8,SerpAPI,"108, Sapphire Square, Tower Chauraha, Front of Kotak, Mahindra Bank, Sindhi Colony, Indore, Madhya Pradesh 452001, India",education,,,,,
StudyIn Indore – Study Abroad Consultant in Indore (Previously SI UK),https://gostudyin.com/india/?utm_source=gmb_listing&utm_medium=search&utm_campaign=DMC-General_Consultation-Indore-GMB-Website,Yes,+91 80 6919 1270,98,High,4.9,SerpAPI,"3rd floor, Tower 61, AB Rd, Opposite C-21 Mall, Scheme 54 PU4, Indore, Madhya Pradesh 452010, India",education,,,,,
Devi Ahilya Vishwavidyalaya Indore (Nalanda Campus),http://www.dauniv.ac.in/,Yes,+91 731 252 7532,78,Low,3.9,SerpAPI,"Nalanda Campus, RNT Marg, Chhoti Gwaltoli, Indore, Madhya Pradesh 452001, India",education,,,,,
Education Learn Academy,https://www.educationlearnacademy.com/,Yes,,100,High,5.0,SerpAPI,"Abhinandan Nagar, Sukhliya, Indore, Madhya Pradesh 452010, India",education,,,,,
Indore Education,https://indoreeducation.com/,Yes,,0,Low,0.0,SerpAPI,"G8 Prem Plaza Bhanwarkua Road Near ICICI Bank, Tower Chouraha, Indore, Madhya Pradesh 452001, India",education,,,,,
"SAGE University, Indore",https://sageuniversity.in/,Yes,+91 1800 100 7031,80,Medium,4.0,SerpAPI,"Indore Bypass Rd, Kailod Kartal, Rau, Indore, Machala, Madhya Pradesh 452020, India",education,,,,,
Progressive Education School,http://progressiveeducationschool.com/,Yes,+91 98935 51817,0,Low,0.0,SerpAPI,"49-A Dashera Maidan, Annapurna Road, near Annapurna Mandir, Indore, Madhya Pradesh 452009, India",education,,,,,
CA Sarthak Jain (FAST Education),http://www.fast.edu.in/,Yes,+91 95845 10000,96,High,4.8,SerpAPI,"M 1, Trade Centre, South Tukoganj, Indore, Madhya Pradesh 452001, India",education,,,,,
The Shishukunj International School,http://www.shishukunj.in/,Yes,+91 96447 33315,0,Low,0.0,SerpAPI,"QW4W+6PQ, Jalaria, Bypass Road, Indore, Madhya Pradesh 452016, India",education,,,,,
EDUCRAFTER EDUCATION RESEARCH AND CONSULTING PVT. LTD.,https://www.educraftereducation.com/,Yes,+91 88391 12307,100,High,5.0,SerpAPI,"64, Kalani Nagar Main Rd, Hujurganj, Huzurganj, Indore, Madhya Pradesh 452005, India",education,,,,,
EVA World School,http://www.ewsindore.in/,Yes,+91 91110 40800,90,High,4.5,SerpAPI,"Agra - Mumbai Hwy, opposite Omaxe City 1, Mayakhedi, Indore, Madhya Pradesh 452010, India",education,,,,,
Overseas Education Indore,,No,,0,Low,0.0,SerpAPI,"Manik Bagh Rd, opposite Vasudev nagar, Nai Duniya, Vasudev Nagar, Indore, Madhya Pradesh 452001, India",education,,,,,
"SICA College, Indore",http://sicacollegeindore.com/,Yes,+91 731 297 4255,86,Medium,4.3,SerpAPI,"Nipania Main Rd, near ISKCON Temple, Hare Krishna Vihar, Nipania, Indore, Madhya Pradesh 452010, India",education,,,,,
i-Nate Education,http://www.inate.in/,Yes,+91 92294 40120,100,High,5.0,SerpAPI,"Ranawat Trade Center, 105-106, Bhanwarkuan, Square, Indore, Madhya Pradesh 452001, India",education,,,,,
ABC INSTITUTE,https://abcinstitute.wixsite.com/abc-institute,Yes,+91 98265 58450,98,High,4.9,SerpAPI,"8/3, behind District Court, Kachi Mohalla, Indore GPO, Indore, Madhya Pradesh 452007, India",education,,,,,
ARIHANT COLLEGE,http://arihantcollege.net/,Yes,+91 93023 33650,72,Low,3.6,SerpAPI,"453, Khandwa Rd, opp. Radha Swami Satsang, Near DAVV Takshila Parisar, Opposite Radha Swami Satsang, Rani Bagh Main, Indore, Madhya Pradesh 452001, India",education,,,,,
"Shiva College Of Education ,City Office",,No,,92,High,4.6,SerpAPI,"H 54, opposite chameli devi school, Nalanda Parisar, Indore, Madhya Pradesh 452009, India",education,,,,,
Trans Globe,http://www.geic.in/,Yes,+91 98266 66886,96,High,4.8,SerpAPI,"Office No. 503, THE VIEW Tower 1, Yeshwant Niwas Rd, above Jade Blue Showroom, Nehru Park 2, Lad Colony, Indore, Madhya Pradesh 452003, India",education,,,,,
Alzato Overseas Education,https://alzatooverseas.com/,Yes,+91 99818 22484,88,Medium,4.4,SerpAPI,"Office No. 306 & 313, Princes Business Skypark, AB Rd, opp. C21 Mall, Scheme No 54, Indore, Madhya Pradesh 452010, India",education,,,,,
Indore Mahavidhyalay,http://www.indoremahavidyalaya.in/,Yes,+91 731 254 5554,90,High,4.5,SerpAPI,"4th Floor, Muley Tower, M G Road, M G Road, Indore, Madhya Pradesh 452007, India",education,,,,,
Oriental University,http://oui.edu.in/,Yes,+91 731 244 8600,76,Low,3.8,SerpAPI,"Gate No.1, Sanwer Road, opp. Reoti Range, Jakhya, Indore, Madhya Pradesh 453555, India",education,,,,,
Meridean Overseas Education Consultants,https://www.meridean.org/?utm_source=GMB&utm_medium=Organic&utm_campaign=GMB-Indore,Yes,+91 83069 92194,98,High,4.9,SerpAPI,"Meridean Overseas, 203, Mahatma Gandhi Rd, opposite Hukumchand Ghantaghar, near Indraprasth Square, Opp. Hukum Chand Ghanta Ghar, Second, New Palasia, Indore, Madhya Pradesh 452003, India",education,,,,,
Global Computer Education,https://globalcomputercourses.in/,Yes,+91 93010 16101,76,Low,3.8,SerpAPI,"1st Floor, Badwani plaza Building, Police Thana, 19/2, behind Palasia, Near Eureka Hospital, Old Palasia, Indore, Madhya Pradesh 452018, India",education,,,,,
Akshay Academy College,,No,+91 731 242 4444,0,Low,0.0,SerpAPI,"32, Kila Maidan Rd, Khasgi Ka Bagicha, Nanda Nagar, Kamla Nehru Nagar, Indore, Madhya Pradesh 452015, India",education,,,,,
Eminence education,,No,+91 99262 22410,100,High,5.0,SerpAPI,"Vikram Tower, Sapna Sangeeta Rd, Durga Nagar, Agarwal Nagar, Old Agarwal Nagar, Indore, Madhya Pradesh 452001, India",education,,,,,
Shri Govindram Seksaria Institute of Technology and Science,http://www.sgsits.ac.in/,Yes,+91 731 254 4415,88,Medium,4.4,SerpAPI,"23, Sir M. Visvesvaraya Marg, Vallabh Nagar, Indore, Madhya Pradesh 452003, India",education,,,,,
Symbiosis University of Applied Sciences,https://www.suas.ac.in/?utm_source=GMB_2025&utm_medium=organic_search_&utm_campaign=gmb_listing,Yes,+91 731 258 1300,84,Medium,4.2,SerpAPI,"Super Corridor, Near Airport, Bada Bangarda, Indore, Madhya Pradesh 453112, India",education,,,,,
"MBBS in Russia | Rus Education, Indore",https://www.ruseducation.in/,Yes,+91 1800 833 3338,100,High,5.0,SerpAPI,"581/5, Bansi Trade Centre, UG- 12/13, Mahatma Gandhi Rd, Race Course Road, Indore, Madhya Pradesh 452003, India",education,,,,,
Joint Director Education Indore,,No,,0,Low,0.0,SerpAPI,"PVG6+992, Sabnis Bagh, Chiman Bagh, Indore, Madhya Pradesh 452007, India",education,,,,,
Presume Overseas Education,https://www.presumeoverseas.com/,Yes,+91 89595 75773,86,Medium,4.3,SerpAPI,"410 - A, Apollo Premier, Vijay Nagar, Indore, Madhya Pradesh 452010, India",education,,,,,
"Prestige Public School, Indore",http://www.prestigeschool.org/,Yes,+91 731 401 6666,0,Low,0.0,SerpAPI,"QV6M+H69, Sector-D, Vijay Nagar, Scheme No 74C, Indore, Madhya Pradesh 452010, India",education,,,,,
Medicaps University - Private University in Indore,https://admissions.medicaps.ac.in/?utm_source=google&utm_medium=organic&utm_campaign=medicaps_google,Yes,+91 79 6526 9790,82,Medium,4.1,SerpAPI,"JRC3+FFM, AB Rd, Pigdamber, Rau, Indore, Madhya Pradesh 453331, India",education,,,,,
Official Upgrad Education Center Indore,https://www.upgrad.com/study-abroad/,Yes,+91 731 440 9043,0,Low,0.0,SerpAPI,"1st floor, 144, AB Rd, Opposite Raghunath Prasad Petrol Pump, Vijay Nagar, Scheme 54 PU4, Indore, Madhya Pradesh 452010, India",education,,,,,
Nahata Professional Academy,https://nahataacademyindore.com/,Yes,+91 79701 79701,86,Medium,4.3,SerpAPI,"PVF8+54J, Poddar Plaza, C-10, near Shastri Market, New Siyaganj, Indore, Madhya Pradesh 452003, India",education,,,,,
Dreamline Overseas Education | Study Abroad Consultant in Indore,http://dreamlineoverseas.in/,Yes,+91 96696 61236,98,High,4.9,SerpAPI,"33-B Chandra Nagar, Road, Vijay Nagar, MR-9, Barfani Dham, Indore, Madhya Pradesh 452010, India",education,,,,,
Eminence Education,,No,+91 95841 00054,68,Low,3.4,SerpAPI,"Cake Me Away, Sector A, Mahavir Nagar, Indore, Madhya Pradesh 452018, India",education,,,,,
MP Board Of Secondary Education Regional Office,http://mpbse.nic.in/,Yes,+91 731 253 1988,74,Low,3.7,SerpAPI,"43, B, 44, Netaji Subhash Marg, Chiman Bagh, Indore, Madhya Pradesh 452007, India",education,,,,,
Shri Vaishnav Vidyapeeth Vishwavidyalaya (SVVV),https://www.svvv.edu.in/,Yes,+91 93037 00149,74,Low,3.7,SerpAPI,"RRGX+9H3, First Year Block, Indore - Ujjain Rd, Gram Baroli, Indore, Madhya Pradesh 453111, India",education,,,,,
Institute of Management Studies,https://ims.dauniv.ac.in/,Yes,+91 731 247 8800,86,Medium,4.3,SerpAPI,"MVRC+F4H, Utd, Campus Bhawarkua, Khandwa Road, Khandwa Road, Indore, Madhya Pradesh 452001, India",education,,,,,
Indore International College,http://www.indoreinternationalcollege.in/,Yes,+91 98939 95058,74,Low,3.7,SerpAPI,"Gram Solsinda, Sanwer Rd, near Kashi Vishwanath Mandir, Industrial Area, Indore, Madhya Pradesh 453551, India",education,,,,,
Fast Professional Academy indore,,No,+91 98295 65800,100,High,5.0,SerpAPI,"104, above Nafees, Old Palasia, Indore, Madhya Pradesh 452018, India",education,,,,,
Government Holkar Science College,https://www.collegeholkar.org/,Yes,+91 731 276 4027,84,Medium,4.2,SerpAPI,"AB Rd, near Bhawarkua Square, Janki Nagar, Indore, Madhya Pradesh 452001, India",education,,,,,
Shri Vaishnav Academy (Rajmohalla) Indore,http://sva.ac.in/,Yes,+91 731 234 9115,0,Low,0.0,SerpAPI,"177, Jawahar Marg, North Rajmohalla, Raj Mohalla, Indore, Madhya Pradesh 452002, India",education,,,,,
Jagdale School,http://www.jagdalecollege.com/,Yes,,78,Low,3.9,SerpAPI,"8/1 Chhawni Rd Ushaganj, Murai Mohalla, Indore, Madhya Pradesh 452001, India",education,,,,,
Balaji Tutorials,http://www.balajitutorials.co.in/,Yes,+91 98930 53653,96,High,4.8,SerpAPI,"Veda Business Park, 221, Bhawarkua Main Rd, Bhanwar Kuwa, Indore, Madhya Pradesh 452001, India",education,,,,,
Maharishi Institute of Management Indore,http://mimidr.org/,Yes,+91 98260 88448,82,Medium,4.1,SerpAPI,"JRW3+64J, CAT Road, Rao, Indore, Madhya Pradesh 453331, India",education,,,,,
"Ryan International School, CAT Road, Indore - CBSE",https://www.ryangroup.org/ryaninternational/cbse/indore/ryan-international-school-cat-road?utm_source=Google&utm_medium=GMB&utm_campaign=Ryan+Group+Indore+Cat+Road,Yes,+91 731 297 1041,0,Low,0.0,SerpAPI,"near, Scheme No. 97/4, 636, CAT Rd, VIP Paraspar Nagar, Slice 4, Scheme 97, Vip Paraspar Nagar, Indore, Madhya Pradesh 452012, India",education,,,,,
Indian Institute of Technology Indore,http://www.iiti.ac.in/,Yes,+91 7324 306 717,90,High,4.5,SerpAPI,"Khandwa Rd, Simrol, Madhya Pradesh 453552, India",education,,,,,
Unnati Academy,https://sites.google.com/view/unnatiacademyindore/home,Yes,+91 99777 50709,96,High,4.8,SerpAPI,"81/12, Patnipura Chauraha, above National Typing institute, Patnipura Square, Patni Pura, Indore, Madhya Pradesh 452011, India",education,,,,,
MB Khalsa College,http://www.mbkhalsacollege.com/,Yes,,78,Low,3.9,SerpAPI,"Gangwall Stand Marg, Raj Mohalla, Indore, Madhya Pradesh 452002, India",education,,,,,
Golden International School,http://www.gisindore.in/,Yes,+91 95166 66039,0,Low,0.0,SerpAPI,"CAT Rd, Industrial Area, Rau, Indore, Madhya Pradesh 453331, India",education,,,,,
Sanskrit Degree College,,No,,86,Medium,4.3,SerpAPI,"PVF4+2VV, Rambag Square, Ram Bagh, Indore, Madhya Pradesh 452007, India",education,,,,,
"Kothari Institute, Rajwada Main Branch",,No,,80,Medium,4.0,SerpAPI,"147/2, Maharaja Tukoji Rao Holker Cloth Market, Indore, Madhya Pradesh 452007, India",education,,,,,
Shri Jain Shwetamber Professional Academy,https://www.sjspa.co.in/,Yes,+91 94259 25340,90,High,4.5,SerpAPI,"Airport-Bijasan, Infront of Malaygiri, Road, near Hinkargiri, Pithampur, Madhya Pradesh 452005, India",education,,,,,
Shah Coaching Classes,,No,+91 93037 82122,100,High,5.0,SerpAPI,"Shah coaching classes, Jail Rd, near Novelty Market, Lodhi Mohalla, Jail Road, Indore, Madhya Pradesh 452001, India",education,,,,,
IPVM ORCHIDS The International School - State School in Rajendra Nagar,https://www.orchidsinternationalschool.com/indore-branches/rajendra-nagar,Yes,+91 99994 31999,86,Medium,4.3,SerpAPI,"CAT Rd, Rajendra Nagar, Indore, Madhya Pradesh 452012, India",education,,,,,
The online tutorials,,No,,100,High,5.0,SerpAPI,"38, Peergali, Rajwada, Indore, Madhya Pradesh 452007, India",education,,,,,
Diksha Education and Career Guidance,,No,+91 87707 41341,100,High,5.0,SerpAPI,"3rd floor, pukhraj corporate building, 303, Navlakha, Indore, Madhya Pradesh 452001, India",education,,,,,
Amity Online - Study Abroad | Indore,https://studyabroad.amityonline.com/,Yes,+91 89294 00479,0,Low,0.0,SerpAPI,"Mahatma Gandhi Rd, near Rajwada Palace, Risi Nagar, Tilak Path, Indore, Madhya Pradesh 452001, India",education,,,,,
Shri Vaishnav Institute Of Technology & Science,,No,,78,Low,3.9,SerpAPI,"84, Hukumchand Marg, Old Rajmohalla, Itwaria Bazaar, Indore, Madhya Pradesh 452002, India",education,,,,,
G.D. Goenka Public School,http://www.gdgoenkaindore.com/,Yes,+91 77710 20000,0,Low,0.0,SerpAPI,"Khasra No. 304, Garden City, P.H. No. 73, By Pass Road, DLF Township, Indore, Madhya Pradesh 453771, India",education,,,,,
Pramana Institute,,No,+91 91091 04431,100,High,5.0,SerpAPI,"Victory Chamber, 2nd floor, 4-A, AB Rd, Ratlam Kothi, Indore, Madhya Pradesh 452001, India",education,,,,,
Mata Jijabai Govt. PG Girls College,http://www.mphighereducation.nic.in/2303,Yes,+91 731 236 6587,80,Medium,4.0,SerpAPI,"Lal Bagh Rd Moti Tabela, Roop Ram Nagar, Indore, Madhya Pradesh 452007, India",education,,,,,
Planet Education Indore,https://www.planeteducation.info/education-news/indore-new-planet-education-branch-launched,Yes,+91 70439 91743,82,Medium,4.1,SerpAPI,"102. Prosperity Tower, RS Bhandari Marg, opp. Bansi Trade Centre, Diamond Colony, New Palasia, Indore, Madhya Pradesh 452003, India",education,,,,,
"MP Welfare Association of the Blind, Indore",https://mpwab.org/,Yes,+91 731 241 0296,0,Low,0.0,SerpAPI,"Wire Square, 33 B/D, Kila Maidan Rd, near Kalka Mata Mandir, Laxmi Bai Nagar, Indore, Madhya Pradesh 452005, India",education,,,,,
Zenith education,,No,,0,Low,0.0,SerpAPI,"43/1, Snehlataganj Rd, Snehlataganj, Indore, Madhya Pradesh 452003, India",education,,,,,
BEO OFFICE,,No,,60,Low,3.0,SerpAPI,"PVC5+GPG, Nagar Nigam, Indore, Madhya Pradesh 452007, India",education,,,,,
Ideal International,https://idealinternationalindore.com/,Yes,+91 731 261 7600,0,Low,0.0,SerpAPI,"Nagar, Nigam Market, 116, Maharani Road, Nagar Nigam, Indore, Madhya Pradesh 452001, India",education,,,,,
Delhi Public School Indore,https://www.dpsindore.org/,Yes,+91 731 244 4401,0,Low,0.0,SerpAPI,"Indore Bypass Road, Nipaniya Rd, near Water Lilly, Indore, Madhya Pradesh 452010, India",education,,,,,
Govt. College Rau,https://www.govtcollegerau.org/,Yes,+91 731 285 7070,84,Medium,4.2,SerpAPI,"13, Nakhrali Dhani Bypass, 14, Bhaiuu Road, Industrial Area, Rau, Indore, Madhya Pradesh 453331, India",education,,,,,
Tiwari Tutorials,,No,+91 98270 86348,84,Medium,4.2,SerpAPI,"Tiwari Tutorials- 7/3 Rambagh, Behind petrol pump, near Nagar Nigam Office, Indore, Madhya Pradesh 452007, India",education,,,,,
Railway station indore,,No,+91 11 2338 4416,78,Low,3.9,SerpAPI,"PV89+R8F, Medanta Super Specialty Hospital | Best Hospital in Indore, Chhoti Gwaltoli, Indore, Madhya Pradesh 452001, India",education,,,,,
Medi-Caps International School,http://www.medicapsschool.ac.in/,Yes,+91 96446 00054,0,Low,0.0,SerpAPI,"AB Road, near Medi-Caps University, Rau, Indore, Madhya Pradesh 453331, India",education,,,,,
Vsmart Academy Indore,https://smartlearningdestination.com/academy/vsmart-academy/,Yes,+91 78697 48489,100,High,5.0,SerpAPI,"113 1st Floor, Shreevardhan Complex, RNT Marg, near Lemon Tree Hotel, South Tukoganj, Indore, Madhya Pradesh 452001, India",education,,,,,
Tagore Vidhya Pith H.S. School,http://tagorevidhyapith.com/,Yes,+91 731 259 0798,0,Low,0.0,SerpAPI,"249-B, Kanadia Main Rd, near Bengali Squre, Kailashpuri, Indore, Madhya Pradesh 452016, India",education,,,,,
"Shri Gujarati Samaj, Indore",http://www.shrigujaratisamajindore.org/guest-house-2/,Yes,+91 731 270 3447,92,High,4.6,SerpAPI,"01, Nasiya Rd, Luniyapura, Chhawni, Indore, Madhya Pradesh 452001, India",education,,,,,
Book My Tutor™ - Home Tutors & Online Classes,https://www.bookmytutor.com/,Yes,+91 76107 02222,100,High,5.0,SerpAPI,"Rajwada, Indore, Madhya Pradesh 452007, India",education,,,,,
Hindi tutor - Vasumati Chaturvedi,http://www.linkedin.com/in/vasumati-chaturvedi-784b0954,Yes,,100,High,5.0,SerpAPI,"flat no 301, Prabhat Residency, Indore Rd, Block-A, Tilak Path, Indore, Madhya Pradesh 452007, India",education,,,,,
Indore,http://www.indore.nic.in/,Yes,,0,Low,0.0,SerpAPI,"Madhya Pradesh, India",education,,,,,
Shri Ram Centennial School,http://www.shriramschool.org/,Yes,+91 97529 22222,0,Low,0.0,SerpAPI,"Sanwer Rd, Indore, Gram Baroli, Madhya Pradesh 453111, India",education,,,,,
Science Home,,No,+91 91114 24922,92,High,4.6,SerpAPI,"Shop No.221,, 2nd Floor, Mahatma Gandhi Rd, Khajuri Bazar, Indore, Madhya Pradesh 452002, India",education,,,,,
Rock Realty,http://www.rockrealty.co.in/,Yes,+91 96007 99174,70,Medium,4.8,SerpAPI,"2nd Floor, No.3, Puliakulam Rd, opp. Carmel Garden School, Ramalinga Chettiyar Layout, Ramalinga Layout, Coimbatore, Tamil Nadu 641045, India",real estate companies,"Mobile App Development, SSL / Security, AI Chatbot / CRM, Cloud Services, E-Commerce Development",45.0,,,
Lands and Lands,http://www.landsandlands.com/,Yes,+91 90251 34134,78,Medium,4.8,SerpAPI,"46, Kerala Club Rd, ATT Colony, Gopalapuram, Coimbatore, Tamil Nadu 641018, India",real estate companies,"Website Revamp, Mobile App Development, SSL / Security, AI Chatbot / CRM, CRM / HRM Software, E-Commerce Development",59.0,,,
Hanu Reddy Realty India Private Limited,http://www.hanureddyrealty.com/branch/coimbatore/,Yes,+91 422 404 9999,84,High,4.6,SerpAPI,"Door No.17, Ground Floor, 50 Feet Rd, Krishnaswamy Nagar, Sowripalayam Pirivu, Ramanathapuram, Coimbatore, Tamil Nadu 641045, India",real estate companies,"Website Revamp, Mobile App Development, Digital Marketing, AI Chatbot / CRM, CRM / HRM Software, Cloud Services, Analytics Integration, E-Commerce Development",75.0,,,
Annai Realty,http://www.annairealty.com/,Yes,+91 95666 08559,54,Low,4.2,SerpAPI,"Srivari Srimath, 1045, 3rd Floor, Avinashi Rd, Race Course, Coimbatore, Tamil Nadu 641018, India",real estate companies,"Mobile App Development, CRM / HRM Software, Analytics Integration",25.0,,,
Sri Balaji Real Estate,http://sbrrealestate.com/,Yes,+91 98432 99226,70,Medium,4.8,SerpAPI,"98/366, Alagesan Rd, Nesavaalar Colony, Saibaba Colony, Coimbatore, Tamil Nadu 641011, India",real estate companies,"Mobile App Development, AI Chatbot / CRM, CRM / HRM Software, Cloud Services, E-Commerce Development",44.0,,,
Metro City Developers,http://metrocitydevelopers.in/,Yes,+91 422 470 7770,90,High,4.8,SerpAPI,"1st Floor, Manapuram Chits, D.NO.75, NGN St, Siddhapudur, New Siddhapudur, Gandhipuram, Tamil Nadu 641044, India",real estate companies,"Website Revamp, Mobile App Development, Digital Marketing, SSL / Security, AI Chatbot / CRM, CRM / HRM Software, Cloud Services, Analytics Integration, E-Commerce Development",85.0,,,
THRONE DEVELOPER LLP,,No,+91 90471 34000,89,High,4.7,SerpAPI,"RTO Office Rd, WOMENS, Coimbatore, Tamil Nadu 641018, India",real estate companies,"Web Development, Mobile App Development, Digital Marketing, AI Chatbot / CRM",85.0,,,
Majestan Realty – Real Estate Agents in Coimbatore,https://www.majestanrealty.com/,Yes,+91 90929 65556,62,Low,4.8,SerpAPI,"47/1 Aandal Street, Lakshmipuram Main Rd, Hope College, Coimbatore, Tamil Nadu 641004, India",real estate companies,"Mobile App Development, AI Chatbot / CRM, E-Commerce Development",28.0,,,
JRD Realtorss,https://jrdrealtorss.com/,Yes,+91 75999 09999,67,Medium,4.5,SerpAPI,"P- Block, 1, Shanti Ashram Rd, Q - Block, Kovaipudur, Tamil Nadu 641042, India",real estate companies,"Mobile App Development, AI Chatbot / CRM, CRM / HRM Software, Cloud Services, E-Commerce Development",44.0,,,
Sreevatsa Real Estates Private Limited,http://www.sreevatsa.com/,Yes,+91 422 243 2184,74,High,4.2,SerpAPI,"324, Mettupalayam Rd, Tatabad, Coimbatore, Tamil Nadu 641043, India",real estate companies,"Mobile App Development, Digital Marketing, SSL / Security, AI Chatbot / CRM, CRM / HRM Software, Analytics Integration, E-Commerce Development",63.0,,,
Techasoft Private Limited,https://www.techasoft.com/,Yes,+91 88847 39988,50,Low,4.6,SerpAPI,"3rd Floor, 435, 27th Main Rd, 1st Sector, HSR Layout, Bengaluru, Karnataka 560102, India",it companies,E-Commerce Development,8.0,,,
IBeON INFOTECH PVT LTD - BEST IT SUPPORT COMPANY IN BANGALORE,http://www.ibeoninfotech.com/,Yes,+91 80 4853 5499,53,Low,4.9,SerpAPI,"8/1, 1st floor, 1st A cross, 24th Main Rd, 2nd Phase, J. P. Nagar, Bengaluru, Karnataka 560078, India",it companies,E-Commerce Development,8.0,,,
Zinavo Private Limited,https://www.zinavo.com/,Yes,+91 77602 45945,47,Low,4.7,SerpAPI,"2nd Floor,, No. 31, Main Chairman Layout, 9h B, HRBR Layout 1st Block, Balaji Layout, Subbaiahnapalya, Banaswadi, Bengaluru, Karnataka 560043, India",it companies,None Identified,0.0,,,
Infosys Limited,https://www.infosys.com/,Yes,+91 80 2559 2088,58,Low,4.4,SerpAPI,"N 403. 405 North Block, 4th Floor, Manipal Centre, Near-Syndicate Bank, Mahatma Gandhi Road, Dickenson Road, Bengaluru, Karnataka 560042, India",it companies,"Mobile App Development, Digital Marketing, Analytics Integration",29.0,,,
ERPLax Bangalore,https://erplax.com/,Yes,+91 97399 66977,58,Low,4.9,SerpAPI,"4235, 19th Main Rd, A Block, Milk Colony, 2nd Stage, Rajajinagar, Bengaluru, Karnataka 560021, India",it companies,"Mobile App Development, Analytics Integration",18.0,,,
AMBIKA REAL ESTATE,http://ambikarealestate.com/,Yes,+91 98450 50925,87,High,4.9,SerpAPI,"1st Floor, Sri Ranganatha Nilaya, Dr.No: 4M/25/4 4th cross, Kavoor Rd, Karnataka Housing Board Colony, Mangaluru, Karnataka 575015, India",real estate companies,"Website Revamp, Mobile App Development, Digital Marketing, AI Chatbot / CRM, CRM / HRM Software, Cloud Services, Analytics Integration, E-Commerce Development",75.0,,,
Proplinks Properties Pvt Ltd,http://proplinks.co.in/,Yes,+91 97417 35307,69,Medium,5.0,SerpAPI,"2nd FLOOR, PLAMA CENTER BUILDING, Bejai - Kapikad Rd, behind BHARATH MALL, Bejai, Mangaluru, Karnataka 575004, India",real estate companies,"Mobile App Development, Digital Marketing, SSL / Security, Analytics Integration",38.0,,,
Talentcruise Real Estate and Marketing - Real Estate Agents in Mangalore,https://talentcruisetech.com/real-estate-marketing/,Yes,+91 72046 81084,58,Low,5.0,SerpAPI,"2nd Floor, VGB Complex, above Canara Bank, Ladyhill, Mangaluru, Karnataka 575006, India",real estate companies,"Cloud Services, E-Commerce Development",15.0,,,
Somayaji Estates Pvt. Ltd.,http://www.somayajiestates.com/,Yes,+91 99724 40868,63,Medium,4.5,SerpAPI,"6th floor, Essel Tower , Bunts hostel Circle, KRR Road, Mangaluru, Karnataka 575003, India",real estate companies,"Mobile App Development, CRM / HRM Software, Cloud Services, E-Commerce Development",35.0,,,
VAJRA REALTIES,http://www.vajrarealties.com/,Yes,+91 97417 35307,66,Medium,4.8,SerpAPI,"2nd FLOOR, VRPR+XFH, PLAMA CENTER BUILDING, Bejai - Kapikad Rd, Bejai, Mangaluru, Karnataka 575004, India",real estate companies,"Mobile App Development, SSL / Security, Cloud Services, E-Commerce Development",36.0,,,
Roof 360 Real Estate and Properties,http://www.roof360.in/,Yes,+91 98450 22178,75,Medium,4.9,SerpAPI,"No. 68/1, 2nd Floor, Coles Rd, Cleveland Town, Fraser Town, Bengaluru, Karnataka 560005, India",real estate compnaies,"Mobile App Development, SSL / Security, AI Chatbot / CRM, CRM / HRM Software, Analytics Integration, E-Commerce Development",52.0,,,
The Bangalore Real Estate Co.,http://www.blrrealestate.com/,Yes,+91 80 4945 7777,62,Low,4.8,SerpAPI,"Ste 2B, Redifice Signature, 6, Bowring Hospital Rd, Tasker Town, Sampangi Rama Nagar, Bengaluru, Karnataka 560001, India",real estate compnaies,"Mobile App Development, AI Chatbot / CRM, Analytics Integration",27.0,,,
BrokerInBlue - Professional Real Estate Brokers,https://brokerinblue.com/,Yes,+91 77609 47777,61,Low,4.7,SerpAPI,"#82, 80 Feet Rd, KGE Layout, R.M.V. 2nd Stage, Bengaluru, Karnataka 560094, India",real estate compnaies,"Mobile App Development, AI Chatbot / CRM, E-Commerce Development",28.0,,,
Friendly Realtors and Property Management,https://www.friendlyrealtors.in/,Yes,+91 70222 72980,62,Low,4.8,SerpAPI,"19/8, Davis Rd, Balaji Layout, Cooke Town, Bengaluru, Karnataka 560084, India",real estate compnaies,"Mobile App Development, Digital Marketing, Analytics Integration",29.0,,,
Agarwal Estates,https://agarwalestates.com/,Yes,+91 70900 11220,56,Low,4.6,SerpAPI,"No.9, CRM Soubhagya Annexe, #35, 1B, Varthur Main Rd, near Spice Garden, Lakshminarayana Pura, Marathahalli, Bengaluru, Karnataka 560037, India",real estate compnaies,"Mobile App Development, E-Commerce Development",19.0,,,
Visanka Technologies Pvt Ltd,https://www.visankatechnologies.com/,Yes,+91 70100 95990,56,Low,4.8,SerpAPI,"135A,1st Floor, CRBS Complex, Swamy Naicken St, Chintadripet, Chennai, Tamil Nadu 600002, India",information technology companies,"AI Chatbot / CRM, E-Commerce Development",17.0,sales@visankatechnologies.com,,
IT Atmoz Information Technology Pvt Ltd,http://itatmoz.com/,Yes,,71,Medium,4.9,SerpAPI,"27/32 Amirunisa Begum Street, Chennai-02, Mount Road, Chennai, Tamil Nadu 600002, India",information technology companies,"Website Revamp, AI Chatbot / CRM, Cloud Services, Analytics Integration, E-Commerce Development",45.0,sales@itatmoz.com,,
Muviereck Technologies Private Limited,https://www.muvierecktech.com/,Yes,,48,Low,4.8,SerpAPI,"Old 364/4, New 641/4, Ground Floor, Poonamallee High Rd, Aminjikarai, Chennai, Tamil Nadu 600030, India",information technology companies,None Identified,0.0,info@muvierecktech.com,,
Hi-Tech Company Software Solutions (Chennai) Private Limited,http://www.htssindia.in/,Yes,+91 44 2834 4782,62,Medium,4.1,SerpAPI,"4, 4th Street, Bharathy Nagar, T. Nagar, Chennai, Greater Chennai, Tamil Nadu 600017, India",information technology companies,"Digital Marketing, AI Chatbot / CRM, Cloud Services, Analytics Integration, E-Commerce Development",42.0,,,
Fusiontec Software,http://fusiontec.com/,Yes,+91 98416 99962,64,Medium,4.9,SerpAPI,"A, 2nd Floor, Crescent Court Building, Fusiontec Software Suite No 17, 963, Poonamallee High Rd, Chennai, Tamil Nadu 600084, India",information technology companies,"Mobile App Development, SSL / Security, AI Chatbot / CRM",30.0,sales@fusiontec.com,,
McKayne Technologies,http://www.mckayne.com/,Yes,+91 94475 20016,58,Low,5.0,SerpAPI,"Spencer Plaza Mall, G 194, 3rd Phase, Ground floor, Spencer Plaza 5, 6, 7, 8 and 9th floor, 769, 3, Anna Salai, Triplicane, Chennai, Tamil Nadu 600002, India",information technology companies,"AI Chatbot / CRM, E-Commerce Development",17.0,develop@mckayne.com,,
zynofus technologies private limited,http://zynofus.com/,Yes,+91 73053 67182,64,Medium,4.8,SerpAPI,"1st Floor, Sundar Bans, No. 70/16A, near to Gokulam Park, Ashok Nagar, Chennai, Tamil Nadu 600083, India",information technology companies,"Mobile App Development, Cloud Services, Analytics Integration, E-Commerce Development",33.0,hr@zynofus.com,,
"Vedha Technologies, Chennai",http://www.vedha.in/,Yes,+91 44 4217 8071,62,Medium,4.0,SerpAPI,"Hotel Association, 26, Venkatesan St, near Chennai, T. Nagar, Chennai, Greater Chennai, Tamil Nadu 600017, India",information technology companies,"Digital Marketing, SSL / Security, AI Chatbot / CRM, Analytics Integration, E-Commerce Development",44.0,,,
Techzarinfo,https://www.techzarinfo.com/,Yes,,52,Low,4.4,SerpAPI,"No: 34, Rakshan, Block-A, Sengalani Amman St, IIT Colony, Kamakoti Nagar, Pallikaranai, Chennai, Greater Chennai, Tamil Nadu 600100, India",information technology companies,"AI Chatbot / CRM, E-Commerce Development",17.0,sales@techzarinfo.com,,
CodeTez,https://www.codetez.com/,Yes,+91 99520 74904,53,Low,4.9,SerpAPI,"No 122, S-2, 2nd Floor, 15th Avenue, Jawaharlal Nehru Salai, Ashok Nagar, Chennai, Tamil Nadu 600083, India",information technology companies,Cloud Services,8.0,,,
Zenelait info tech,https://zenelaitinfotech.com/,Yes,+91 98842 64816,78,High,4.4,SerpAPI,"1st Main St, Y Block, Anna Nagar, Chennai, Greater Chennai, Tamil Nadu 600040, India",information technology companies,"Website Revamp, Mobile App Development, Digital Marketing, AI Chatbot / CRM, Cloud Services, Analytics Integration, E-Commerce Development",68.0,,,
Sysind Tech Private Limited,http://www.sysindtech.com/,Yes,+91 99400 46982,82,High,5.0,SerpAPI,"pudupet garden street No.9, First Floor, Chennai, Tamil Nadu 600044, India",information technology companies,"Mobile App Development, Digital Marketing, SSL / Security, AI Chatbot / CRM, Cloud Services, Analytics Integration, E-Commerce Development",63.0,,,
Qbrik Information Technologies,https://qbrik.in/,Yes,+91 44 4255 5570,74,Medium,4.6,SerpAPI,"No.152, 2nd Floor, Ganesh Towers, Luz Church Rd, CIT Colony, Mylapore, Chennai, Greater Chennai, Tamil Nadu 600004, India",information technology companies,"Mobile App Development, Digital Marketing, AI Chatbot / CRM, CRM / HRM Software, Cloud Services, E-Commerce Development",55.0,info@qbrik.in,,
TenthPlanet Technologies Private Limited,https://tenthplanet.in/,Yes,,52,Low,4.2,SerpAPI,"6th Floor, PT Lee Building, 807, Anna Salai, Chennai, Tamil Nadu 600002, India",information technology companies,"Mobile App Development, Cloud Services",19.0,info@tenthplanet.in,,
NOHITATU Technologies private limited,http://www.nohitatu.com/?utm_source=GMB,Yes,+91 99413 33444,46,Low,3.8,SerpAPI,"No. 402, 4th floor, Purasaivakkam High Rd, Lumbini Square, Purasaiwakkam, Chennai, Greater Chennai, Tamil Nadu 600010, India",information technology companies,"Cloud Services, E-Commerce Development",15.0,info@nohitatu.com,,
Bhive Technologies,https://bhivetechnologies.in/,Yes,+91 94980 51336,54,Low,5.0,SerpAPI,"Second Floor, No 32, 6th West Cross St, Shenoy Nagar West, Bharathi Puram, Shenoy Nagar, Chennai, Greater Chennai, Tamil Nadu 600030, India",information technology companies,Cloud Services,8.0,info@bhivetechnologies.in,,
CEI India Pvt Ltd | IT Services & Software Company | Chennai,https://www.ceiamerica.com/,Yes,+91 44 4221 0500,54,Low,4.4,SerpAPI,"27, Akshaya Shanthi 44, 44, Anna Salai, Border Thottam, Padupakkam, Triplicane, Chennai, Greater Chennai, Tamil Nadu 600002, India",information technology companies,"Mobile App Development, E-Commerce Development",19.0,,,
Rayafeel Technologies Private Limited,http://rayafeel.com/,Yes,+91 88389 53252,60,Low,5.0,SerpAPI,"S102, 2nd floor, Phase-3, Spencer Plaza Mall, WS-02, Anna Salai, Chennai, Greater Chennai, Tamil Nadu 600002, India",information technology companies,"Mobile App Development, Cloud Services",19.0,info@rayafeel.com,,
Smarther Technologies,http://www.smarther.co/,Yes,+91 90031 62488,49,Low,4.9,SerpAPI,"87, First Main Rd, Radha Nagar, Perumbakkam, Chennai, Perumbakkam, Tamil Nadu 600100, India",information technology companies,None Identified,0.0,info@smarther.co,,
Inspace Technologies Private Limited,https://www.inspacetech.com/,Yes,,59,Low,4.5,SerpAPI,"AA Business Centre, Fourth Floor, Old Door No.94/1 & 2 New No.27 and 28, E Park Rd, Shenoy Nagar, Chennai, Tamil Nadu 600030, India",information technology companies,"Mobile App Development, AI Chatbot / CRM, E-Commerce Development",28.0,info@inspacetech.com,,
Ninestars Information Technologies Pvt. Ltd.,https://www.ninestarsglobal.com/,Yes,+91 44 6125 5100,69,High,3.8,SerpAPI,"756, Vasan Ave, Anna Salai, Chennai, Greater Chennai, Tamil Nadu 600002, India",information technology companies,"Website Revamp, Mobile App Development, Digital Marketing, AI Chatbot / CRM, Cloud Services, E-Commerce Development",62.0,,,
SQUARES INFORMATION TECHNOLOGY PRIVATE LIMITED,http://www.buybooma.in/,Yes,+91 44 4860 6625,69,Medium,5.0,SerpAPI,"No-71,73,2nd Floor, CIT 1st Main Rd, CIT Nagar West, Nandanam, Chennai, Tamil Nadu 600035, India",information technology companies,"Mobile App Development, Digital Marketing, SSL / Security, Analytics Integration",38.0,,,
ifelse Technologies,https://ifelsetech.com/,Yes,+91 98848 99868,52,Low,4.6,SerpAPI,"16/4, Salai St, Periyamedu, Choolai, Chennai, Greater Chennai, Tamil Nadu 600007, India",information technology companies,Mobile App Development,12.0,,,
GATEWAY SOFTWARE SOLUTIONS,https://www.gatewaysoftwaresolutions.com/,Yes,+91 73970 78885,60,Low,4.8,SerpAPI,"1st Floor, Old No:57/62, New No:111, Wallahjah Rd, above KFC, Ellis Puram, Anna Salai, Triplicane, Chennai, Greater Chennai, Tamil Nadu 600002, India",information technology companies,"AI Chatbot / CRM, Analytics Integration, E-Commerce Development",23.0,,,
BitCot Technologies,https://www.bitcot.com/,Yes,+91 44 4233 7803,39,Low,3.9,SerpAPI,"2nd Floor, S.P Complex, 36, Wall Tax Rd, Peddanaickenpet, George Town, Chennai, Greater Chennai, Tamil Nadu 600079, India",information technology companies,None Identified,0.0,support@bitcot.com,,
Nexbase Information Technologies,https://www.nexbase.in/,Yes,+91 99400 49737,54,Low,4.0,SerpAPI,"34,1st Cross Street, Jafferkhanpet, Ganga Nagar, Ashok Nagar, Chennai, Tamil Nadu 600083, India",information technology companies,"Mobile App Development, Digital Marketing, Analytics Integration",29.0,,,
Ninos IT,https://www.ninositsolution.com/,Yes,+91 99624 11492,47,Low,4.7,SerpAPI,"Shop No:9, Basement Floor, Raahat Plaza, Arcot Rd, Ottagapalayam, Kannika Puram, Vadapalani, Chennai, Greater Chennai, Tamil Nadu 600026, India",information technology companies,None Identified,0.0,info@ninositsolution.com,,
THAY Technologies Private Limited,https://thaytech.com/,Yes,+91 63804 54663,71,Medium,4.6,SerpAPI,"Plot 897, 10th St, H Block, Anna Nagar, Anna Nagar West, Anna Nagar West Extension, Chennai, Greater Chennai, Tamil Nadu 600040, India",information technology companies,"Mobile App Development, AI Chatbot / CRM, CRM / HRM Software, Cloud Services, Analytics Integration, E-Commerce Development",50.0,hr@thaytech.com,,
Hectadata India Technology Consulting Pvt Ltd,https://hectadata.in/,Yes,+91 44 4228 7700,81,High,4.3,SerpAPI,"1st Floor, Kubers"", Annex, No: 42, Pantheon Rd 2nd Ln, Egmore, Chennai, Greater Chennai, Tamil Nadu 600008, India",information technology companies,"Website Revamp, Mobile App Development, Digital Marketing, AI Chatbot / CRM, CRM / HRM Software, Cloud Services, Analytics Integration, E-Commerce Development",75.0,,,
M S INFO TECHNOLOGIES,http://www.msinfotechnologies.com/,Yes,,82,High,4.9,SerpAPI,,information technology companies,"Website Revamp, Mobile App Development, Digital Marketing, CRM / HRM Software, Cloud Services, Analytics Integration, E-Commerce Development",66.0,,,
HyFe Technologies,https://hyfetech.com/,Yes,+91 96772 50842,61,Low,4.9,SerpAPI,"9th floor, 345, Pantheon Rd, Egmore, Chennai, Greater Chennai, Tamil Nadu 600008, India",information technology companies,"AI Chatbot / CRM, Cloud Services, E-Commerce Development",25.0,sales@hyfetech.com,,
NLabs Technology,http://www.nlabstech.in/,Yes,+91 97104 59515,54,Low,5.0,SerpAPI,"No. 43/3, Old No. 22/3, New, Venkatachalam St, near Saravana Store Furniture, Purasaiwakkam, Chennai, Tamil Nadu 600007, India",information technology companies,AI Chatbot / CRM,9.0,Support@NLabsTech.in,,
IStrides,http://istrides.in/,Yes,+91 63803 72621,60,Medium,4.1,SerpAPI,"23/38, Westcott Rd, Royapettah, Chennai, Greater Chennai, Tamil Nadu 600014, India",information technology companies,"Mobile App Development, Digital Marketing, SSL / Security, Analytics Integration",38.0,,,
BOTREE SOFTWARE INTERNATIONAL PVT LTD,https://botreesoftware.com/,Yes,+91 44 2855 1591,56,Low,4.2,SerpAPI,"WSS Towers, No.107 & 108, Adithanar Rd, Chennai, Tamil Nadu 600002, India",information technology companies,"Mobile App Development, Digital Marketing, Analytics Integration",29.0,,,
Digispoc Technology,https://digispoc.com/,Yes,+91 95663 10990,59,Low,4.9,SerpAPI,"1A, 1st floor, Mount Chambers, No 758, Vasan Ave, Anna Salai, Chennai, Greater Chennai, Tamil Nadu 600002, India",information technology companies,"Mobile App Development, AI Chatbot / CRM",21.0,,,
CODEHUNTERS,https://codehunters.co.in/,Yes,+91 90952 41578,60,Low,4.8,SerpAPI,,information technology companies,"AI Chatbot / CRM, Cloud Services, Analytics Integration",23.0,codehunters2020@gmail.com,,
Ideas2IT Technology Services Private Limited,https://www.ideas2it.com/,Yes,+91 93618 03053,51,Low,4.1,SerpAPI,"C50 & C51, Water Works Rd, Thiru Vi Ka Industrial Estate, SIDCO Industrial Estate, Guindy, Chennai, Tamil Nadu 600032, India",information technology companies,"Mobile App Development, E-Commerce Development",19.0,,,
ProdEx Technologies Private Limited,https://www.prodex.in/,Yes,+91 44 2811 3640,62,Medium,4.4,SerpAPI,"I Floor, Laxmi Towers, 47, Dr Radha Krishnan Salai, Dwarka Colony, Mylapore, Chennai, Greater Chennai, Tamil Nadu 600004, India",information technology companies,"Mobile App Development, AI Chatbot / CRM, Cloud Services, E-Commerce Development",36.0,info@ prodex.in,,
Bocxy Technologies Private Limited.,https://bocxy.com/,Yes,+91 97878 97873,64,Low,5.0,SerpAPI,"3rd Floor, Bhattad Towers, 18, Westcott Rd, Indira Garden, Royapettah, Chennai, Greater Chennai, Tamil Nadu 600014, India",information technology companies,"Mobile App Development, Digital Marketing, Analytics Integration",29.0,,,
Blivemi Information Technology,https://blivemi.com/,Yes,+91 431 356 9842,64,Low,5.0,SerpAPI,"3 Floor, Metro, Altius Block, OLYMPIA TECHNOLOGY PARK, D15, Main Rd, SIDCO Industrial Estate, Alandur, Chennai, Greater Chennai, Tamil Nadu 600032, India",information technology companies,"Mobile App Development, Digital Marketing, Analytics Integration",29.0,,,
Mindstay Technology Pvt.Ltd Chennai,,No,,92,High,5.0,SerpAPI,"Tower, 2B, 3rd floor, Montieth Court, 21, Red Cross Rd, Egmore, Chennai, Greater Chennai, Tamil Nadu 600008, India",information technology companies,"Web Development, Mobile App Development, Digital Marketing, AI Chatbot / CRM",85.0,,,
Fieldy Technologies,https://getfieldy.com/,Yes,+91 98847 83216,60,Low,4.8,SerpAPI,"9B, Sapna Trade Centre, 135, Poonamallee High Rd, Egmore, Chennai, Greater Chennai, Tamil Nadu 600084, India",information technology companies,"AI Chatbot / CRM, Cloud Services, E-Commerce Development",25.0,support@getfieldy.com,,
GENESIS TECH,https://www.genesistech.in/,Yes,+91 73396 63589,62,Low,5.0,SerpAPI,"Park Circle Building, 20/8, Moores Rd, off College Road, Thousand Lights West, Thousand Lights, Chennai, Greater Chennai, Tamil Nadu 600006, India",information technology companies,"AI Chatbot / CRM, Analytics Integration, E-Commerce Development",23.0,info@genesistech.in,,
"Rinsoft Pvt Ltd, Chennai",http://www.rinsoft.com/,Yes,+91 3108 183 781,68,Medium,4.5,SerpAPI,"Second floor, New No.113,Old No.56/1,Sri Amman Complex, Arunachallam St, Chintadripet, Chennai, Tamil Nadu 600002, India",information technology companies,"Mobile App Development, Digital Marketing, SSL / Security, Analytics Integration, E-Commerce Development",46.0,info@rinsoft.com,,
Greens Technologies,https://www.greenstechnologys.com/,Yes,+91 89399 15591,63,Medium,4.7,SerpAPI,"Ground floor, New No. W125, Old W42, 3rd Ave, W Block, Anna Nagar, Chennai, Greater Chennai, Tamil Nadu 600040, India",information technology companies,"Website Revamp, AI Chatbot / CRM, E-Commerce Development",31.0,contact@greenstechnologys.com,,
Calypso Technology,http://calypsotechno.com/,Yes,,62,Medium,4.3,SerpAPI,"2nd Floor, Seethakathi Business Centre, Thousand Lights East, Thousand Lights, Chennai, Greater Chennai, Tamil Nadu 600006, India",information technology companies,"Mobile App Development, Digital Marketing, SSL / Security, Analytics Integration",38.0,,,
Burhani Technologies,http://www.burhanitechnologies.com/,Yes,+91 72990 02152,62,Low,4.8,SerpAPI,"1st Floor, Vanguard House, #48, Moore St, Parry's Corner, George Town, Chennai, Greater Chennai, Tamil Nadu 600001, India",information technology companies,"Mobile App Development, AI Chatbot / CRM, E-Commerce Development",28.0,info@burhanitechnologies.com,,
NOORYAK TECHNOLOGIES,https://nooryak.com/,Yes,+91 63749 13298,64,Low,5.0,SerpAPI,"Floor 1, Door, Shafi Tower, Khana Bagh Street, Triplicane, Chennai, Tamil Nadu 600005, India",information technology companies,"Mobile App Development, Digital Marketing, Analytics Integration",29.0,,,
"Internship in Chennai for CSE, IT, CE, EEE, Biotechnology, biomedical |MBA, BCom,",,No,+91 80561 88927,89,High,4.7,SerpAPI,"Number 1, A.J. Block 1st St, near Velu Militry Hotel, near U.N.IQ. Technologies2, Bharathy Nagar, T. Nagar, Chennai, Greater Chennai, Tamil Nadu 600017, India",information technology companies,"Web Development, Mobile App Development, Digital Marketing, AI Chatbot / CRM",85.0,,,
Niraj Infotek ( Infotech ),https://nirajinfo.in/,Yes,+91 97909 36229,68,Medium,5.0,SerpAPI,"1st Floor, No.8, Nambi Trade Center, Narasingapuram St, Mount Road, Chennai, Tamil Nadu 600002, India",information technology companies,"Mobile App Development, AI Chatbot / CRM, Cloud Services, Analytics Integration",35.0,hello@nirajinfo.in,,
ZUBKAS TECHNOLOGY,http://zubkas.com/,Yes,+91 81439 35184,49,Low,4.5,SerpAPI,"7TH FLOOR, Spencer Plaza Mall, 715-A, Anna Salai, Chennai, Greater Chennai, Tamil Nadu 600002, India",information technology companies,Cloud Services,8.0,,,
BCT Consulting Private Limited,https://www.bct-consulting.com/,Yes,+91 98409 93448,53,Low,4.1,SerpAPI,"148, Rajiv Gandhi Salai, Subbarayan Nagar, Thoraipakkam, Chennai, Tamil Nadu 600097, India",information technology companies,"AI Chatbot / CRM, Cloud Services, Analytics Integration",23.0,talktous@bct-consulting.com,,
Patel Soft Technologies,https://www.patelsoft.com/,Yes,+91 91761 84508,64,Low,5.0,SerpAPI,"6th & 7th Floor, EA Chambers Tower II, 49/50L, Whites Rd, Express Estate, Royapettah, Chennai, Greater Chennai, Tamil Nadu 600014, India",information technology companies,"Mobile App Development, Digital Marketing, Analytics Integration",29.0,,,
Pyramidions Solutions,https://www.pyramidions.com/,Yes,+91 99400 15578,47,Low,4.3,SerpAPI,"2nd Floor, Megh Towers, 165, Poonamallee High Rd, Pallavan Nagar, Maduravoyal, Chennai, Greater Chennai, Tamil Nadu 600095, India",information technology companies,Cloud Services,8.0,sales@pyramidions.com,,
IT Career Challenge Technologies Pvt Ltd.,http://itcareerchallenge.com/,Yes,+91 44 3006 5554,78,Medium,5.0,SerpAPI,"Sunshine Building, 339/3, 2nd Ave, G Block, Ranganathan Garden, Anna Nagar, Chennai, Greater Chennai, Tamil Nadu 600040, India",information technology companies,"Mobile App Development, Digital Marketing, SSL / Security, AI Chatbot / CRM, Analytics Integration, E-Commerce Development",55.0,info@itcareerchallenge.com,,
Airavad Web Solutions Private Limited,https://airavadweb.solutions/,Yes,+91 73583 03879,58,Low,4.4,SerpAPI,"12, Jaffar Sarang St, Parrys, George Town, Chennai, Greater Chennai, Tamil Nadu 600001, India",information technology companies,"Mobile App Development, AI Chatbot / CRM, Analytics Integration",27.0,contact@airavadweb.solutions,,
Pupa Clic,https://www.pupaclic.com/,Yes,+91 99402 68251,45,Low,4.5,SerpAPI,"VGP Victory House, G12, Anna Salai, Mount Road, Anna Salai, Triplicane, Chennai, Greater Chennai, Tamil Nadu 600002, India",information technology companies,None Identified,0.0,support@pupaclic.com,,
Triyam Information Technology Private Limited,https://www.triyam.com/,Yes,,52,Low,4.2,SerpAPI,"Level 8, 5th Office Floor, Olympia Cyberspace, Symbyont Smartspaces, 21/22, Arulayiammanpet, SIDCO Industrial Estate, Guindy, Chennai, Tamil Nadu 600032, India",information technology companies,"Mobile App Development, E-Commerce Development",19.0,,,
IZEON INNOVATIVE PVT LTD,http://www.izeoninnovative.com/,Yes,+91 86376 75438,54,Low,4.2,SerpAPI,"No:66, Chennai City Centre, 3rd, Thirumalai Pillai Rd, T. Nagar, Chennai, Greater Chennai, Tamil Nadu 600017, India",information technology companies,"AI Chatbot / CRM, Analytics Integration, E-Commerce Development",23.0,info@izeoninnovative.com,,
Tecdata IT Services Pvt Ltd,http://tecdata.in/,Yes,,77,Medium,5.0,SerpAPI,"Old No 3rd Floor, Guna Complex, New Door No, 443 & 445, Anna Salai, Annexure II, Teynampet, Chennai, Tamil Nadu 600018, India",information technology companies,"Mobile App Development, Digital Marketing, AI Chatbot / CRM, Cloud Services, Analytics Integration, E-Commerce Development",54.0,it@tecdata.co.in,,
Chennai Technology,https://www.chennaitechnology.in/,Yes,+91 73053 33444,48,Low,3.4,SerpAPI,"36/33, Clemens Rd, behind Saravana Stores, Purasaiwakkam, Chennai, Greater Chennai, Tamil Nadu 600007, India",information technology companies,"Mobile App Development, Digital Marketing, Analytics Integration",29.0,,,
Techminds Group India Pvt Ltd,,No,,79,High,3.7,SerpAPI,,information technology companies,"Web Development, Mobile App Development, Digital Marketing, AI Chatbot / CRM",85.0,,,
PRS INFOTECH SOLUTIONS,https://www.prsinfotech.in/,Yes,+91 94443 53200,57,Low,4.9,SerpAPI,"70/84, Muthamman Koil St, Gopal Pillai Nagar, Bharathi Nagar, Ayanavaram, Chennai, Greater Chennai, Tamil Nadu 600023, India",information technology companies,"AI Chatbot / CRM, Analytics Integration",15.0,Prsinfotech213@gmail.com,,
Appmetry Technologies LLP,https://appmetry.com/,Yes,+91 98841 85123,53,Low,5.0,SerpAPI,"workhub 7th floor, Fountain Plaza, Pantheon Rd, Egmore, Chennai, Greater Chennai, Tamil Nadu 600008, India",information technology companies,Analytics Integration,6.0,,,
DotSmart Technologies,https://dotsmart.in/,Yes,+91 63807 36858,33,Low,3.3,SerpAPI,"First Floor, OLD NO 30, NEW, 65, Maddox St, Choolai, Chennai, Tamil Nadu 600007, India",information technology companies,None Identified,0.0,contactus@dotsmart.in,,
e Orchids Techsolutions Pvt. Ltd.,https://e-orchids.com/,Yes,+91 98827 98871,55,Low,4.3,SerpAPI,"2, 8th Floor, South Tower, Krm Plaza, Harrington Rd, Chetpet, Chennai, Greater Chennai, Tamil Nadu 600031, India",information technology companies,"AI Chatbot / CRM, Analytics Integration, E-Commerce Development",23.0,,,
Fabten Technologies,http://fabtentech.netlify.app/,Yes,+91 74180 14075,56,Medium,4.0,SerpAPI,"Marble Hall New Building, 118/9, Vepery High Rd, Periamet, Periyamedu, Poongavanapuram, Chennai, Greater Chennai, Tamil Nadu 600003, India",information technology companies,"AI Chatbot / CRM, Cloud Services, Analytics Integration, E-Commerce Development",31.0,fabtentech@gmail.com,,
MASSIVE IT SOLUTIONS,http://www.massiveitsolutions.com/,Yes,+91 98849 59491,50,Low,4.2,SerpAPI,"3rd Floor,Door No:1, Om Sai Plaza, No.75, Thambu Chetty St, Mannadi, George Town, Chennai, Greater Chennai, Tamil Nadu 600001, India",information technology companies,"CRM / HRM Software, Cloud Services",15.0,info@massiveitsolutions.com,,
Hikma InfoTech,https://www.hikmainfotech.in/,Yes,+91 44 4208 4207,60,Low,4.6,SerpAPI,"Vepery High Rd, Periamet, Park Town, Chennai, Greater Chennai, Tamil Nadu 600003, India",information technology companies,"Mobile App Development, Digital Marketing, Analytics Integration",29.0,,,
Digital India Technology,,No,+91 97898 38371,80,High,3.8,SerpAPI,"No.30 First Floor, Sun Square Arcade, Wallers Rd, basement, Chintadripet, Chennai, Greater Chennai, Tamil Nadu 600002, India",information technology companies,"Web Development, Mobile App Development, Digital Marketing, AI Chatbot / CRM",85.0,,,
india Technology,,No,+91 79046 12425,92,High,5.0,SerpAPI,"22/1, Avadi Srinivasa Iyer Street, Thattankulam, Choolai, Chennai, Greater Chennai, Tamil Nadu 600112, India",information technology companies,"Web Development, Mobile App Development, Digital Marketing, AI Chatbot / CRM",85.0,,,
In22labs,https://in22labs.com/,Yes,+91 87789 11772,51,Low,4.7,SerpAPI,"2/7,2/8 & 2/5, 1st St, Lakshimi Colony, T. Nagar, Chennai, Greater Chennai, Tamil Nadu 600017, India",information technology companies,E-Commerce Development,8.0,info@in22labs.com,,
INSCOMI TECHNOLOGY SERVICES PRIVATE LIMITED(ERP in Chennai),,No,+91 79047 74990,92,High,5.0,SerpAPI,"1, 694/87A, Valayapathi Salai, Block 2, Block 5, Mogappair East, Chennai, Greater Chennai, Tamil Nadu 600037, India",information technology companies,"Web Development, Mobile App Development, Digital Marketing, AI Chatbot / CRM",85.0,,,
KnacK Information Technologies Private Limited,http://knack.co.in/,Yes,+91 44 4210 9486,31,High,0.0,SerpAPI,"No.4, Sambantham St, Devanathan Road, Mandaveli, Chennai, Tamil Nadu 600028, India",information technology companies,"Website Revamp, Mobile App Development, Digital Marketing, SSL / Security, AI Chatbot / CRM, Analytics Integration",62.0,,,
IT Catalyst Software India Pvt Ltd,http://www.itcatalystindia.com/,Yes,+91 80 4911 0110,63,Low,4.9,SerpAPI,"278, MK, Puttalingiah Rd, Padmanabhanagar, Bengaluru, Karnataka 560070, India",it companies,"Mobile App Development, AI Chatbot / CRM, E-Commerce Development",28.0,sales@itcatalystindia.com,Not Found,Not Found
SUNSYS TECHNOLOGIES INDIA PVT. LTD.,https://www.sunsys.in/,Yes,+91 98452 44232,52,Low,4.8,SerpAPI,"#4 2nd Floor, 8th Main Rd, CHBS Layout, Vijayanagar, Bengaluru, Karnataka 560040, India",it companies,Cloud Services,8.0,info@sunsys.in,Not Found,https://www.linkedin.com/company/sunsys-technologies
International Tech Park Bengaluru (ITPB),https://www.capitaland.com/,Yes,+91 80 4188 0000,69,Medium,4.4,SerpAPI,"ITPL Main Rd, Pattandur Agrahara, Whitefield, Bengaluru, Karnataka 560066, India",it companies,"Mobile App Development, AI Chatbot / CRM, CRM / HRM Software, Cloud Services, Analytics Integration, E-Commerce Development",50.0,Not Found,Not Found,https://www.linkedin.com/company/capitaland-limited
Software Company in Bangalore,http://blogscompass.com/,Yes,,69,Medium,5.0,SerpAPI,"S End C Cross Rd, KSRTC Layout, 2nd Phase, J. P. Nagar, Bengaluru, Karnataka 560041, India",it companies,"Mobile App Development, Digital Marketing, SSL / Security, Analytics Integration",38.0,Not Found,Not Found,Not Found
Tally on cloud bangalore,http://mcrindia.in/,Yes,+91 99647 40243,66,Medium,5.0,SerpAPI,"No.660,1st Floor, ZINGER TECH, 1st B Main Rd, 8th Block, Jayanagar, Bengaluru, Karnataka 560070, India",it companies,"AI Chatbot / CRM, Cloud Services, Analytics Integration, E-Commerce Development",31.0,sales@mcrindia.in,Not Found,https://www.instagram.com/mcr_tally_solutions/#
Cybrain Software Solutions Pvt Ltd - Web Designing | IT Company | Software Company in Vidyaranyapura Bangalore,https://www.cybrain.co.in/,Yes,+91 1800 891 3958,44,Low,4.4,SerpAPI,"Vidmahe Enclave, 135, Kodigehalli - Thindlu Main Rd, GD Layout, IEHCS Layout, Doddabommasandra, Vidyaranyapura, Bengaluru, Karnataka 560097, India",it companies,None Identified,0.0,info@cybrain.co.in,Not Found,https://www.linkedin.com/company/cybrain-software-solutions
iBUSINESS SOFTWARE,http://ibusinesssoftware.in/,Yes,+91 80 4300 5536,61,Medium,4.2,SerpAPI,"B’ Block 1st floor, Mythri Centre, 4/10, Hosur Rd, behind ICICI Bank, next to the Oxford Engineering College, Bommanahalli, Bengaluru, Karnataka 560068, India",it companies,"Mobile App Development, Digital Marketing, SSL / Security, Analytics Integration",38.0,Not Found,Not Found,Not Found
Krify,https://krify.co/?utm_source=Google_MyBusiness_Bnglr,Yes,+91 80 4150 8001,49,Low,4.9,SerpAPI,"303, Sanjana Sovereign Apt 90/98, 8th Main, 38th B Cross Rd, 2nd Block, Jayanagar, Bengaluru, Karnataka 560011, India",it companies,None Identified,0.0,info@krify.co,Not Found,https://www.linkedin.com/company/krify
iTrobes Technologies - Bangalore,https://www.itrobes.com/,Yes,+91 73394 94989,50,Low,5.0,SerpAPI,"No. S-14, Third Floor, 80 Feet Rd, KHB Colony, 5th Block, Koramangala, Bengaluru, Karnataka 560095, India",it companies,None Identified,0.0,Not Found,Not Found,https://www.linkedin.com/company/itrobestechnologies
Dhiya infotech,https://dhiyainfotech.com/,Yes,+91 96778 94466,61,Low,4.9,SerpAPI,"2nd Block, 2nd, 66, 2nd Main, cross, Adhyatma Prakasha Karyalaya Rd, Thyagaraja Nagar, Bengaluru, Karnataka 560028, India",it companies,"AI Chatbot / CRM, Analytics Integration, E-Commerce Development",23.0,info@dhiyainfotech.com,Not Found,Not Found
Merida Tech minds - AI Integrated Service,https://www.meridatechminds.com/?utm_source=Google+GMB&utm_medium=MAPS&utm_campaign=GMB,Yes,+91 89045 99283,78,High,4.4,SerpAPI,"1st Floor, 334/28, 14th Cross Rd, 2nd Block, Jayanagar, Bengaluru, Karnataka 560011, India",it companies,"Website Revamp, Mobile App Development, Digital Marketing, AI Chatbot / CRM, Cloud Services, Analytics Integration, E-Commerce Development",68.0,Not Found,Not Found,Not Found
Terawe Technologies Pvt. Ltd.,http://www.terawe.com/,Yes,+91 97836 91458,76,Medium,4.9,SerpAPI,"4th Floor, IndiQube Crystal, Municipal No. 73, Church St, near Mahatma Gandhi Road, Haridevpur, Shanthala Nagar, Ashok Nagar, Bengaluru, Karnataka 560001, India",it companies,"Website Revamp, Mobile App Development, Digital Marketing, AI Chatbot / CRM, E-Commerce Development",54.0,Not Found,Not Found,Not Found
"Superior Codelabs - Best Software development company in Bangalore, India",http://www.superiorcodelabs.com/,Yes,+91 96112 01204,69,Medium,5.0,SerpAPI,"3rd floor, Cunningham Classic, Cunningham Rd, Shivaji Nagar, Bengaluru, Karnataka 560001, India",it companies,"Mobile App Development, Digital Marketing, SSL / Security, Analytics Integration",38.0,Not Found,Not Found,Not Found
Piculets Solutions- SAP partners Bangalore | SAP Business One partners | SAP Hana | Top SAP partner in Bengaluru,https://piculets.com/,Yes,+91 70197 98471,47,Low,4.7,SerpAPI,"2nd Floor, Novel Business Park, Anepalya Main Rd, Gajendra Nagar, Adugodi, Bengaluru, Karnataka 560030, India",it companies,None Identified,0.0,sales@piculets.com,Not Found,https://www.linkedin.com/company/piculets-solutions-pvt-ltd
eGenius - ERP Software in Bangalore,http://egenius.in/,Yes,+91 99869 94328,50,Low,4.6,SerpAPI,"No 646/52, 2nd Block, Rajajinagar, Bengaluru, Karnataka 560010, India",it companies,SSL / Security,9.0,Not Found,Not Found,https://in.linkedin.com/company/erelego-technologies-pvt-ltd
"Internships for engineering & Diploma students, BE/Mtech,Internships for ECE,CSE,EEE,ISE in Bangalore",https://www.knowxindia.com/training-internship-engineering-students-bangalore,Yes,+91 98860 94611,59,Low,4.7,SerpAPI,"METRO Station, 56,2nd floor, 17th Cross Road, 8th Main Rd, opp. water tank, MC Layout, Vijayanagar, Bengaluru, Karnataka 560040, India",it companies,"AI Chatbot / CRM, CRM / HRM Software, E-Commerce Development",25.0,bhimsen@knowxindia.com,Not Found,Not Found
Databytes Consulting Technologies Pvt Ltd,https://www.databytesconsulting.in/,Yes,+91 90199 36162,48,Low,4.8,SerpAPI,"Awfis, Renaissance Centra, 27, Mission Rd, Sampangi Rama Nagara, Bengaluru, Karnataka 560027, India",it companies,None Identified,0.0,info@databytesconsulting.in,Not Found,https://www.linkedin.com/company/databytesconsulting.in
Mueen India Private Limited,,No,+91 20 2769 1624,88,High,4.6,SerpAPI,"Mueen India Pvt Ltd, UB City, Concorde Tower, KG Halli, D' Souza Layout, Ashok Nagar, Bengaluru, Karnataka 560030, India",it companies,"Web Development, Mobile App Development, Digital Marketing, AI Chatbot / CRM",85.0,Not Found,Not Found,Not Found
Taskmo - Gig Discovery Platform | Redefining Future of Work | Gig Marketplace,https://bit.ly/taskmo_gmb,Yes,+91 84484 49069,71,Medium,4.2,SerpAPI,"#33, Mohan chambers, 1st Main Rd, 3rd Phase, J. P. Nagar, Bengaluru, Karnataka 560078, India",it companies,"Website Revamp, Mobile App Development, AI Chatbot / CRM, CRM / HRM Software, Cloud Services, E-Commerce Development",58.0,Not Found,Not Found,Not Found
Vayavya Labs Pvt. Ltd. Bangalore,https://vayavyalabs.com/,Yes,+91 80 4090 1492,54,Low,4.0,SerpAPI,"1st Floor B Block, Sree Rama Deevena, 21, Ulsoor Rd, Yellappa Garden, Yellappa Chetty Layout, Sivanchetti Gardens, Bengaluru, Karnataka 560008, India",it companies,"Mobile App Development, Cloud Services, E-Commerce Development",27.0,career@vayavyalabs.com,Not Found,https://www.linkedin.com/company/vayavya-labs-pvt--ltd
"𝗗𝗶𝗴𝗶𝘁𝗮𝗹𝗶𝗻𝗱𝗶𝗮𝗮𝗱𝗱, 𝗗𝗶𝗴𝗶𝘁𝗮𝗹 𝗠𝗮𝗿𝗸𝗲𝘁𝗶𝗻𝗴 𝗔𝗴𝗲𝗻c𝘆 𝗶𝗻 𝗕𝗮𝗻𝗴𝗮𝗜𝗼𝗿𝗲",https://www.digitalindiaadd.com/,Yes,+91 63608 07351,65,Medium,4.9,SerpAPI,"#104/1, 6th Cross, 560029, 2nd Main Rd, Tavarekere, Bengaluru, Karnataka 560029, India",it companies,"AI Chatbot / CRM, Cloud Services, Analytics Integration, E-Commerce Development",31.0,info@digitalindiaadd.com,Not Found,https://www.linkedin.com/company/digital-india-add
REDHILL SOFTEC | Internships - Final Year IEEE Projects for BE BTECH BCA MCA Students | Bangalore,https://www.redhillsoftec.com/,Yes,+91 94488 47874,86,High,4.8,SerpAPI,"Third Floor, No.20 (Old No.39/4, Service Rd, Remco Layout, Hampi Nagar, RPC Layout, Vijayanagar, Bengaluru, Karnataka 560104, India",it companies,"Website Revamp, Mobile App Development, Digital Marketing, AI Chatbot / CRM, CRM / HRM Software, Cloud Services, Analytics Integration, E-Commerce Development",75.0,Not Found,Not Found,Not Found
Innovkraft Inc | Digital Marketing Company In bangalore,https://innovkraft.com/?utm_source=gmb,Yes,+91 83104 53193,52,Low,4.8,SerpAPI,"7th block, 57, 7th Main Road, 100Ft, Ring Road, beside Kotak Mahindra Bank, 4th Phase, Banashankari 3rd Stage, Bengaluru, Karnataka 560085, India",it companies,E-Commerce Development,8.0,hello@innovkraft.com,Not Found,https://www.linkedin.com/company/innovkraft
Uni-Solutions | B2B Lead Generation Company,http://www.leadtomarket.com/,Yes,+91 80 2660 0389,62,Medium,4.6,SerpAPI,"60, 2nd Floor, 3rd Main Road, 1st A Cross Rd, near HP Petrol Bunk, Hanumanthnagar, Bengaluru, Karnataka 560050, India",it companies,"Mobile App Development, Cloud Services, Analytics Integration, E-Commerce Development",33.0,Not Found,Not Found,https://www.linkedin.com/company/lead-to-market
GSearrch Website Designers,https://www.gsearchinc.com/webdesign-company-in-bangalore/,Yes,+91 99023 62006,64,Low,5.0,SerpAPI,"38/6, Ground Floor 3rd Main Rd, WOC, Rajajinagar, Bengaluru, Karnataka 560010, India",it companies,"Mobile App Development, CRM / HRM Software, Cloud Services",27.0,info@gsearchinc.com,Not Found,https://www.linkedin.com/company/gsearch-network-private-limited
Leon Technologies Integrations Private Limited (Bangalore),http://leontechnologies.in/,Yes,+91 99081 51111,68,Medium,5.0,SerpAPI,"LEON TECHNOLOGIES INTEGRATIONS PRIVATE LIMITED Novel Business Park 57 13th Cross, Baldwins Road, Koramangala, Bengaluru, Karnataka 560027, India",it companies,"Mobile App Development, SSL / Security, Analytics Integration, E-Commerce Development",35.0,customercare@leontechnologies.in,Not Found,https://www.linkedin.com/company/leontechnologies
S.S.R Solutions,http://www.ssrsolutions.co.in/,Yes,+91 90712 10245,53,Low,4.9,SerpAPI,"1st Floor, No.5, Cubbonpet 4th Cross, Cubbonpete, Nagarathpete, Bengaluru, Karnataka 560002, India",it companies,AI Chatbot / CRM,9.0,ssr.cubbonpet@gmail.com,Not Found,https://www.instagram.com/ssrsolutions.co.in
"iTree - Banashankari 3rd Stage , kathriguppe | Apple & Nothing Store.",http://www.itreeonline.com/,Yes,+91 93534 66614,89,High,4.7,SerpAPI,"137/138, 2nd Main Road , Water Tank Road,BSK 3rd Stage 3rd Phase, 4th Block, Bengaluru, Karnataka 560085, India",it companies,"Website Revamp, Mobile App Development, Digital Marketing, SSL / Security, AI Chatbot / CRM, CRM / HRM Software, Cloud Services, Analytics Integration, E-Commerce Development",85.0,Not Found,Not Found,Not Found
Future Revolution DigiGrowth Private Limited,https://www.furecs.com/,Yes,+91 77605 56363,54,Low,4.8,SerpAPI,"2nd floor, club Road, 2084, 1st Main Rd, Hampi Nagar, Vijayanagar, Bengaluru, Karnataka 560104, India",it companies,Mobile App Development,12.0,support@furecs.com,Not Found,https://www.linkedin.com/company/futurerevolutions
POS Billing Machine Software Bangalore,https://www.posbillingmachinesoftware.com/,Yes,+91 83102 10090,64,Low,5.0,SerpAPI,"Door No.5, Ground Floor, Shed, 1, 4th Cross Rd, near Vagmine Enterprises, Cubbonpete, Nagarathpete, Bengaluru, Karnataka 560002, India",it companies,"Mobile App Development, AI Chatbot / CRM, Analytics Integration",27.0,Not Found,Not Found,Not Found
Krishna SEO Expert in Bangalore,https://krishnaseo.com/,Yes,+91 87925 38715,58,Low,4.8,SerpAPI,"# 1st Floor, 746, 13th A Cross Road, Nagarbhavi, Bengaluru, Karnataka 560072, India",it companies,"Mobile App Development, AI Chatbot / CRM",21.0,spujeri@gmail.com,Not Found,https://in.linkedin.com/in/seoexpertinbangalore
Anandit Infotech (Pc hubshop) - Computer Shop Bangalore,https://www.pchubshop.com/?utm_source=gbp,Yes,+91 99454 04296,50,Low,4.4,SerpAPI,"Vivek Complex, 113, Sadar Patrappa Rd, near TOWN HALL, S.P Road Cross, Kumbarpet, Dodpete, Nagarathpete, Bengaluru, Karnataka 560002, India",it companies,Mobile App Development,12.0,Not Found,Not Found,https://www.linkedin.com/company/pchubshop
Apple Solutions,http://www.applesolutions.in/,Yes,+91 98866 14321,78,High,4.7,SerpAPI,"shop no T7, Third Floor, SRNG diamond jubilee complex, no 1091, Old Taluk Cutchery Rd, Halsurpete, Nagarathpete, Bengaluru, Karnataka 560002, India",it companies,"Mobile App Development, Digital Marketing, AI Chatbot / CRM, CRM / HRM Software, Cloud Services, Analytics Integration, E-Commerce Development",62.0,abhay@applesolutions.in,Not Found,Not Found
AppMomos,https://appmomos.com/,Yes,+91 95351 55944,46,Low,4.6,SerpAPI,"Ground Floor, Pavan, 16, 31st Main Rd, behind Devegowda petrol Bunk, 7 Block, Chinnappanaidu Layout, Banashankari 3rd Stage, Banashankari, Bengaluru, Karnataka 560085, India",it companies,None Identified,0.0,Not Found,Not Found,https://www.linkedin.com/company/appmomos
Aero Business Solutions,https://www.aerobusinesssolutions.com/,Yes,+91 99166 79810,55,Low,4.9,SerpAPI,"1st Floor, Viralam Arcade, 30, 8th F Main Rd, Jayanagar 3rd Block, Jayanagar, Bengaluru, Karnataka 560011, India",it companies,Mobile App Development,12.0,Not Found,Not Found,https://www.linkedin.com/company/aero-business-solutions
Network People Services Technologies ltd. (NPST) | Bangalore,https://www.npstx.com/,Yes,,63,Low,4.9,SerpAPI,"2nd floor, unit 202, HTC Aspire, Network People Services Technologies ltd. (NPST, 19, Ali Asker Rd, Bengaluru, Karnataka 560001, India",it companies,"Mobile App Development, Cloud Services, E-Commerce Development",27.0,contact@npstx.com,Not Found,https://www.linkedin.com/company/npstx
HiveMinds Innovative Market Solutions Pvt Ltd,http://hiveminds.in/,Yes,+91 80 4680 1708,53,Low,4.1,SerpAPI,"7th Floor, Global Tech Park, 11, O Shaughnessy Rd, Langford Town, Langford Gardens, Bengaluru, Karnataka 560025, India",it companies,"AI Chatbot / CRM, Cloud Services, E-Commerce Development",25.0,Not Found,Not Found,https://www.linkedin.com/company/hiveminds-innovative-market-solutions
SCL Gaming | Computer Shop In Bangalore,https://sclgaming.in/?utm_source=gbp,Yes,+91 88988 91919,46,Low,4.6,SerpAPI,"No19 Ground Floor, Gangadhareshwara nilaya, 1st cross Road, Kathriguppe Main Rd, near Banshankari 3rd Stage, 4th Block, Bengaluru, Karnataka 560085, India",it companies,None Identified,0.0,sclgamingonline@gmail.com,Not Found,https://www.linkedin.com/company/scl-gaming
Beta Digital Marketing Agency - Bangalore,https://betadigitalmarketing.com/,Yes,+91 95139 99901,56,Low,5.0,SerpAPI,"372, 6th Cross Rd, Vinayaka Nagar, NGO Colony, Wilson Garden, Bengaluru, Karnataka 560027, India",it companies,Mobile App Development,12.0,hello@betadigitalmarketing.com,Not Found,Not Found
Ashtech Infotech (India) Private Limited- Bangalore,http://www.ashinfo.com/,Yes,,10,Low,0.0,SerpAPI,"11th Floor, #29, Prestige Meridian 1, Unit No: 1104, Mahatma Gandhi Rd, Ashok Nagar, Bengaluru, Karnataka 560001, India",it companies,"Mobile App Development, E-Commerce Development",19.0,ashtech@ashinfo.com,Not Found,https://www.linkedin.com/company/ashtech-infotech-india
Sakthi Infotech,https://www.sakthiinfotech.com/mlm-software-development-company-website-design-binary-trinary-level-matrix-sunflower-investment-salary-Bangalore-Mysore-Mangalore-Karnataka-India.html,Yes,,71,Medium,5.0,SerpAPI,"1st Floor, 18, 10th Cross, Siddaiah Rd, Next to Family Court, Sudhama Nagar, Bengaluru, Karnataka 560027, India",it companies,"Website Revamp, Mobile App Development, AI Chatbot / CRM, Cloud Services",42.0,Not Found,Not Found,Not Found
Computer Mega IT Best Computer Shop in bangalore for Custom PC Build Laptop Workstation CCTV Printer & IT Peripherals Dealers,https://computermegait.in/,Yes,+91 86600 36499,62,Low,4.8,SerpAPI,"Ground No. 83/1, Sadar Patrappa Rd, Dodpete, Nagarathpete, Bengaluru, Karnataka 560002, India",it companies,"Mobile App Development, Digital Marketing, Analytics Integration",29.0,Not Found,Not Found,Not Found
SeatonIndia IT Private Limited,,No,+91 80 4123 2000,82,High,4.0,SerpAPI,"Mahatma Gandhi Rd, Sivanchetti Gardens Bangalore, Karnataka, India, Lal Masjid Rd, Sulthangunta, Shivaji Nagar, Bengaluru, Karnataka 560051, India",it companies,"Web Development, Mobile App Development, Digital Marketing, AI Chatbot / CRM",85.0,Not Found,Not Found,Not Found
Acetech IT Solutions,http://acetechitsolutions.in/,Yes,+91 89515 60405,68,Medium,5.0,SerpAPI,"No 26, Amrutha, 2nd Floor, 1-1, DV Gundappa Rd, Basavanagudi, Bengaluru, Karnataka 560004, India",it companies,"Mobile App Development, Digital Marketing, Cloud Services, Analytics Integration",37.0,sales@acetechitsolutions.in,Not Found,Not Found
arshbangalore || Arsh Group of Companies || Arsh Bangalore,https://www.arshbangalore.com/,Yes,+91 95355 55552,56,Low,5.0,SerpAPI,"48, Land mark: Arsh Townships, Arsh Group of Companies, 5th Main Rd, Jayamahal Extension, Jayamahal, Bengaluru, Karnataka 560046, India",it companies,Mobile App Development,12.0,Not Found,Not Found,Not Found
iROID Technologies,https://www.iroidtechnologies.com/,Yes,+91 81298 55155,48,Low,4.4,SerpAPI,"2nd Floor, Trust building, Kayath Ln, Janatha, Palarivattom, Kochi, Ernakulam, Kerala 682025, India",it companines,AI Chatbot / CRM,9.0,Not Found,Not Found,https://in.linkedin.com/organization-guest/company/iroid-technologies
Spectrum Softtech Solutions,http://www.spectrum.net.in/,Yes,+91 484 408 2000,50,Low,4.4,SerpAPI,"Mahakavi G Rd, Karikkamuri, Ernakulam South, Kochi, Ernakulam, Kerala 682011, India",it companines,Mobile App Development,12.0,spectrum@spectrum.net.in,Not Found,https://www.linkedin.com/company/spectrum-softtech-solutions-pvt-ltd-
Smartwebin IT Company,http://www.smartwebin.com/,Yes,+91 94467 17047,56,Low,4.8,SerpAPI,"Door 1st, 2nd floor, Pootharayil Building Kaniyampuzha Rd, Eroor, Eroor Rd, P.O, Thrippunithura, Ernakulam, Kerala 682306, India",it companines,"AI Chatbot / CRM, E-Commerce Development",17.0,info@smartwebin.com,Not Found,https://www.linkedin.com/in/smartwebin-web-mobile-app-development
Seeroo IT Solutions,https://www.seeroo.com/,Yes,+91 484 254 1660,58,Low,4.4,SerpAPI,"XIII/330, Santhigiri Campus, Cochin, NAD Rd, HMT Colony, North Kalamassery, HMT Kalamassery, Kochi, Kerala 683503, India",it companines,"Mobile App Development, Digital Marketing, Analytics Integration",29.0,Not Found,Not Found,Not Found
"SAIHA SOFTWARE TECHNOLOGIES PRIVATE LIMITED - BEST SOFTWARE COMPANY IN KOCHI, KERALA",https://saihasoft.com/,Yes,+91 97782 80848,49,Low,4.9,SerpAPI,"1st Floor, Samuel Sons Building, Sobha Road, Chakkaraparambu, Palarivattom, Kochi, Ernakulam, Kerala 682028, India",it companines,None Identified,0.0,info@saihasoft.com,Not Found,https://www.linkedin.com/company/saiha-software-technologies-pvt-ltd
Technovalley Software India Private Limited,https://www.technovalley.org/,Yes,+91 97459 27777,60,Low,4.6,SerpAPI,"4th Floor, ATS Grand, opposite Highway Garden, Padivattom, Edappally, Ernakulam, Kerala 682024, India",it companines,"Mobile App Development, CRM / HRM Software, E-Commerce Development",27.0,info@technovalley.co.in,Not Found,https://www.linkedin.com/showcase/74733872
Exacore IT Solutions Private Limited | Oracle NetSuite Solution Provider | NetSuite Implementation Partner in India,https://www.exacoreitsolutions.com/,Yes,+91 99952 36160,51,Low,4.3,SerpAPI,"1B-2, Indeevaram Building, KSITIL SEZ, Koratty Infopark, Kerala 680308, India",it companines,"Cloud Services, E-Commerce Development",15.0,info@exacoreitsolutions.com,Not Found,https://www.linkedin.com/company/exacore-it-solutions
Technopark Trivandrum,http://www.technopark.org/,Yes,+91 471 270 0222,57,Low,4.5,SerpAPI,"Park Centre, Technopark Campus, Thiruvananthapuram, Kerala 695581, India",it companines,"AI Chatbot / CRM, Cloud Services, E-Commerce Development",25.0,Not Found,Not Found,https://www.linkedin.com/company/technopark-trivandrum
Milestone Technologies,https://milestone.tech/,Yes,+91 484 424 2800,55,Low,4.5,SerpAPI,"SEZ, 3rd Floor, Lulu Cyber Tower 1. Infopark, Kakkanad, Kochi, Kerala 682042, India",it companines,"Mobile App Development, E-Commerce Development",19.0,Not Found,Not Found,https://www.linkedin.com/company/milestone-technologies
Fingent Global Solutions,https://www.fingent.com/,Yes,+91 484 405 5006,49,Low,4.5,SerpAPI,"Phase I Carnival Infopark Phase II, PO, Phase I, Infopark Campus, Kochi, Kerala 682042, India",it companines,E-Commerce Development,8.0,Not Found,Not Found,https://www.linkedin.com/company/fingent-technologies
Visanka Technologies Pvt Ltd,https://www.visankatechnologies.com/,Yes,+91 70100 95990,56,Low,4.8,SerpAPI,"135A,1st Floor, CRBS Complex, Swamy Naicken St, Chintadripet, Chennai, Tamil Nadu 600002, India",it companies,"AI Chatbot / CRM, E-Commerce Development",17.0,Sales@visankatechnologies.com,Not Found,https://www.linkedin.com/company/visankatechnologies
itTrident Software Development and Testing Company - Chennai,https://www.ittrident.com/,Yes,+91 44 3551 1303,73,Medium,4.5,SerpAPI,"3rd Floor, Kamak Towers, Lazer St, South Phase, SIDCO Industrial Estate, Guindy, Chennai, Greater Chennai, Tamil Nadu 600032, India",it companies,"Website Revamp, Mobile App Development, CRM / HRM Software, Cloud Services, Analytics Integration, E-Commerce Development",55.0,Not Found,Not Found,Not Found
Hourglass IT Solutions,https://www.hourglassit.com/,Yes,+91 86109 00368,50,Low,4.6,SerpAPI,"3rd Floor, No.88, Anmol Palani, Gopathy Narayana Rd, T. Nagar, Chennai, Tamil Nadu 600017, India",it companies,Cloud Services,8.0,info@hourglassit.com,Not Found,https://www.linkedin.com/company/hourglassitsolutions
Amitysoft Technologies Private Limited,https://www.amitysoft.com/,Yes,+91 44 2432 8077,56,Low,4.2,SerpAPI,"6/22, Second Floor, Dhandapani St, T. Nagar, Chennai, Tamil Nadu 600017, India",it companies,"Mobile App Development, AI Chatbot / CRM, E-Commerce Development",28.0,info@amitysoft.com,Not Found,https://www.linkedin.com/in/amitysoft-technologies-a6201a161
Hi-Tech Company Software Solutions (Chennai) Private Limited,http://www.htssindia.in/,Yes,+91 44 2834 4782,62,Medium,4.1,SerpAPI,"4, 4th Street, Bharathy Nagar, T. Nagar, Chennai, Greater Chennai, Tamil Nadu 600017, India",it companies,"Digital Marketing, AI Chatbot / CRM, Cloud Services, Analytics Integration, E-Commerce Development",42.0,Not Found,Not Found,Not Found
Kerala Realty,http://keralarealty.in/,Yes,+91 77361 00999,63,Low,4.9,SerpAPI,"4 th floor, Green Land Heights, KRA Business Centre, Civil Line Rd, Kochi, Kerala 682025, India",real estate companies,"Mobile App Development, Cloud Services, E-Commerce Development",27.0,keralarealty.in@gmail.com,Not Found,Not Found
Jacob Thomas Property Management Consultant,https://jacobthomas.biz/,Yes,+91 94953 00009,62,Low,4.8,SerpAPI,"Flat Number:1A6, Holyfaith Four Square Manor, Behind Model Engineering, College,, Thrikkakara, Kakkanad, Kochi, Kerala 682021, India",real estate companies,"Mobile App Development, CRM / HRM Software, Cloud Services",27.0,jacob@jacobthomas.biz,Jacob Thomas,https://www.linkedin.com/in/jacob-thomas-9b045158
NR Properties-Real Estate||Real estate Agent ||Kochi||Nedumbassery ||Kerala,,No,+91 80783 34928,91,High,4.9,SerpAPI,"Vadakkumchery Building Nedumbassery P.O, Kaprassery, Kerala 683585, India",real estate companies,"Web Development, Mobile App Development, Digital Marketing, AI Chatbot / CRM",85.0,Not Found,Not Found,Not Found
Big Deals,https://bigdeals.pro/,Yes,+91 95679 07999,68,Medium,4.7,SerpAPI,"1407 , 4th Floor, HiLITE Business Park, behind Hilite Mall, Palazhi, Kozhikode, Pantheeramkavu, Kerala 673014, India",real estate companies,"Mobile App Development, AI Chatbot / CRM, CRM / HRM Software, Analytics Integration, E-Commerce Development",42.0,properties@bigdeals.pro,Not Found,https://www.linkedin.com/company/big-deals-realtors
Real Estate Kochi,,No,+91 90726 77333,88,High,4.6,SerpAPI,"North Park building, St Vincent Rd, North Kaloor, Kacheripady, Ernakulam, Kerala 682018, India",real estate companies,"Web Development, Mobile App Development, Digital Marketing, AI Chatbot / CRM",85.0,Not Found,Not Found,Not Found
Kochi Realtor,https://kochirealtor.in/,Yes,+91 93493 91800,61,Low,4.7,SerpAPI,"Ponekkara, Edappally, Ernakulam, Kerala 682024, India",real estate companies,"Mobile App Development, Digital Marketing, Analytics Integration",29.0,Not Found,Not Found,Not Found
KERALAREALESTATE.COM,https://www.keralarealestate.com/,Yes,+91 91340 00111,60,Low,4.6,SerpAPI,"38/219 NH, Market Rd, Bypass Junction, Edappally, Kochi, Ernakulam, Kerala 682024, India",real estate companies,"Mobile App Development, CRM / HRM Software, E-Commerce Development",27.0,sales@keralarealestate.com,Not Found,https://www.instagram.com/keralarealestate
Realtyfield Advisors Private Limited,https://realtyfield.in/,Yes,+91 97450 60345,56,Low,5.0,SerpAPI,"62/5011, Wolfpack, Mahatma Gandhi Rd, Iyyattil Junction, Shenoys, Kochi, Ernakulam, Kerala 682011, India",real estate companies,Mobile App Development,12.0,info@realtyfield.in,Not Found,https://www.linkedin.com/company/realtyfield
Nimmy David,https://nimmydavid.com/,Yes,+91 98471 80770,63,Low,4.9,SerpAPI,,real estate companies,"Mobile App Development, CRM / HRM Software, E-Commerce Development",27.0,nimmy.k.david1@gmail.com,Not Found,https://www.linkedin.com/in/nimmy-david
HousingSharks.com,http://realtorhadi.com/,Yes,+91 79948 12575,69,Medium,5.0,SerpAPI,"2nd floor, Veekay tower, Mavelipuram Rd, Mavelipuram, Thrikkakara, Kakkanad, Kerala 682030, India",real estate companies,"Mobile App Development, Digital Marketing, SSL / Security, Analytics Integration",38.0,Not Found,Not Found,Not Found
CeeYen Real Estate Agency,http://ceeyen.com/,Yes,+91 90423 35335,71,Medium,4.9,SerpAPI,"476, 2nd Floor, 19th Street, 4th sector, K. K. Nagar, Chennai, Tamil Nadu 600078, India",real estate companies,"Mobile App Development, AI Chatbot / CRM, CRM / HRM Software, Cloud Services, E-Commerce Development",44.0,info@mydomain.com,Not Found,https://www.linkedin.com/in/ceeyen-concepts-5437b462
Home Konnect,https://www.homekonnect.com/,Yes,+91 99403 66555,69,Medium,4.9,SerpAPI,"No. 5B, 5th Floor, Doshi Towers Old No. 156, New No. 205, Poonamallee High Rd, Kilpauk, Chennai, Tamil Nadu 600010, India",real estate companies,"Mobile App Development, Digital Marketing, AI Chatbot / CRM, E-Commerce Development",40.0,Not Found,Not Found,Not Found
PropLeaf Realty Tech Pvt Ltd®️,https://www.propleaf.com/,Yes,,59,Low,4.9,SerpAPI,"1st Floor, No:375, Anna Salai, above Canara Bank, Saidapet, Chennai, Greater Chennai, Tamil Nadu 600015, India",real estate companies,"Mobile App Development, E-Commerce Development",19.0,enquiry@propleaf.com,Not Found,https://www.linkedin.com/company/propleaf
Kavin Real Estate Chennai Private Limited,http://www.kavinrealestate.com/,Yes,+91 98840 88660,61,Low,4.7,SerpAPI,"Paruthippattu, Kamaraj Nagar, Avadi, Chennai, Tamil Nadu 600071, India",real estate companies,"Mobile App Development, Cloud Services, E-Commerce Development",27.0,kavinrealestate@yahoo.com,Not Found,https://www.instagram.com/suresh_avadi
24K Realtors Corporate Office,https://24krealtors.com/,Yes,+91 88380 53254,66,Medium,4.8,SerpAPI,"Landmark, No.2,1st Floor, KVIC NAGAR, Velachery Main Rd, next to KTM Showroom, Gowriwakkam, Chennai, Tamil Nadu 600073, India",real estate companies,"Mobile App Development, AI Chatbot / CRM, CRM / HRM Software, E-Commerce Development",36.0,admin@24krealtors.com,Not Found,https://linkedin.com/company/24k-realtors
Best Service Realty,https://bestservicerealty.com/,Yes,+91 94442 15263,86,High,4.8,SerpAPI,"No:132, 48, Subramania Mudali St, Suriyammapet, Saidapet, Chennai, Greater Chennai, Tamil Nadu 600015, India",real estate companies,"Website Revamp, Mobile App Development, Digital Marketing, AI Chatbot / CRM, CRM / HRM Software, Cloud Services, Analytics Integration, E-Commerce Development",75.0,Not Found,Not Found,Not Found
NVR Real Estate,,No,+91 88707 77774,90,High,4.8,SerpAPI,"No:391/b, School Rd, opposite ICICI Bank, D-Sector, Anna Nagar West Extension, Chennai, Greater Chennai, Tamil Nadu 600101, India",real estate companies,"Web Development, Mobile App Development, Digital Marketing, AI Chatbot / CRM",85.0,Not Found,Not Found,Not Found
Namma veedu Housing & Real Estate Company-Estate Agents Chennai,https://www.youtube.com/@NammaVeeduRealEstate,Yes,+91 78456 71995,63,Low,4.9,SerpAPI,"Shop No. 183, PANCHAYAT UNION OFFICE, GNT Rd, behind PUZHAL, Kavankarai, Puzhal, Chennai, Greater Chennai, Tamil Nadu 600066, India",real estate companies,"Website Revamp, Analytics Integration, E-Commerce Development",28.0,Not Found,Not Found,https://www.youtube.com/about
Hanu Reddy Realty,https://hanureddyrealty.com/,Yes,,84,High,4.6,SerpAPI,"18, Bishop Wallers Ave E, CIT Colony, Mylapore, Chennai, Greater Chennai, Tamil Nadu 600004, India",real estate companies,"Website Revamp, Mobile App Development, Digital Marketing, AI Chatbot / CRM, CRM / HRM Software, Cloud Services, Analytics Integration, E-Commerce Development",75.0,Not Found,Not Found,Not Found
RS REALTY,https://rsrealty.net/,Yes,+91 98402 89542,59,Low,4.9,SerpAPI,"2nd Floor, 74, Grand Southern Trunk Rd, Sunnambu Colony, Pallavaram, Chennai, Tamil Nadu 600043, India",real estate companies,"Mobile App Development, Cloud Services",19.0,rsrealty20@gmail.com,Not Found,https://www.instagram.com/rs_realty_
Infosys Limited,http://www.infosys.com/,Yes,+91 471 398 2222,64,Medium,4.5,SerpAPI,"Attipara Village Technopark Campus, Plot No. 1, II, Thiruvananthapuram, Kerala 695583, India",it companies,"Mobile App Development, Digital Marketing, SSL / Security, Analytics Integration",38.0,info@infosys.com,Salil Parekh,Not Found
Akira Software Solutions Pvt Ltd,http://www.akiraplc.com/,Yes,+91 471 405 9495,61,Low,4.8,SerpAPI,"4th Floor, Technopark Trivandrum, Nila Building, Technopark Campus, Karyavattom, Thiruvananthapuram, Kerala 695581, India",it companies,"SSL / Security, AI Chatbot / CRM, E-Commerce Development",26.0,info@akirasolutions.in,Sudheesh K. S.,https://www.linkedin.com/company/akira-software-solutions-india-pvt-ltd
Technopark Trivandrum,http://www.technopark.org/,Yes,+91 471 270 0222,57,Low,4.5,SerpAPI,"Park Centre, Technopark Campus, Thiruvananthapuram, Kerala 695581, India",it companies,"AI Chatbot / CRM, Cloud Services, E-Commerce Development",25.0,info@technopark.org,Susanth Kurunthil,https://www.linkedin.com/company/technopark-trivandrum
iAntz IT Solutions,http://www.iantz.in/,Yes,+91 471 252 7999,56,Low,4.4,SerpAPI,"3rd Floor, Technopark Campus, Thiruvananthapuram, Kerala 695582, India",it companies,"AI Chatbot / CRM, Cloud Services, E-Commerce Development",25.0,sales@iantz.in,Jomon Thomas,http://www.linkedin.com/company/iantz-it-solutions
Crayo Tech Business Solution,https://www.crayotech.com/india,Yes,+91 94467 77072,53,Low,4.9,SerpAPI,"Technopark Trivandrum, Thejaswini, G3B, Karyavattom, Thiruvananthapuram, Kerala 695581, India",it companies,E-Commerce Development,8.0,sales@crayotech.com,Manoj G,https://www.linkedin.com/company/crayotechbusinesssolutions
Innoval Digital Solutions Pvt Ltd,http://www.ivldsp.com/,Yes,+91 471 407 4000,58,Low,4.4,SerpAPI,"Technopark, Thejaswini, Level 5, Technopark Rd, Technopark Campus, Kazhakkoottam, Kerala 695581, India",it companies,"Mobile App Development, AI Chatbot / CRM, E-Commerce Development",28.0,info@ivldsp.com,K.S. Chandrasekharan,https://in.linkedin.com/company/innovaldsp
Triomphe IT Solutions Pvt. Ltd.,http://www.triompheit.com/,Yes,+91 81119 53953,67,Medium,4.8,SerpAPI,"26C, Anupama Nagar Rd, PO, Muttada, Nalanchira, Paruthippara, Thiruvananthapuram, Kerala 695015, India",it companies,"Mobile App Development, Digital Marketing, SSL / Security, Analytics Integration",38.0,info@triompheit.com,Sreekumar P.,Not Found
Bytelabz Software Solutions Pvt LTD,https://bytelabz.com/,Yes,+91 80 3140 6844,53,Low,4.9,SerpAPI,"AKG Road, Thengazhisseril Building, Peroorkada, Thiruvananthapuram, Kerala 695005, India",it companies,AI Chatbot / CRM,9.0,info@bytelabz.com,Nishad K.,https://www.linkedin.com/company/bytelabz
Scipy Technologies Pvt Ltd,https://www.scipytechnologies.com/,Yes,+91 73562 38071,14,Low,0.0,SerpAPI,"First Floor, Crown Plaza, Kesavadasapuram, 47, National Highway, near St. Mary's School, Pattom, Thiruvananthapuram, Kerala 695004, India",it companies,"Mobile App Development, AI Chatbot / CRM, E-Commerce Development",28.0,hr@scipy.com,Siju Sadanandan,https://www.linkedin.com/company/scipytechnologies/mycompany
ALRIC INFOTECH PVT LTD,https://www.alricinfotech.com/,Yes,+91 80894 21289,65,Medium,4.9,SerpAPI,"3rd Floor, Kairali Complex, GPO Ln, Mele, Thampanoor, Thiruvananthapuram, Kerala 695001, India",it companies,"AI Chatbot / CRM, Cloud Services, Analytics Integration, E-Commerce Development",31.0,info@alricinfotech.com,Aneesh S,https://www.youtube.com/watch
RaeesRoyal Private Limited,http://raeesroyal.com/,Yes,+91 93592 85479,68,Medium,4.9,SerpAPI,"Vasantika Apartment, Paud Rd, near Abhyudaya Bank, Sankalp Society, Kothrud, Pune, Maharashtra 411038, India",real estate companies,"Mobile App Development, SSL / Security, AI Chatbot / CRM, E-Commerce Development",38.0,info@raeesroyal.com,Raees Shaikh,https://www.linkedin.com/in/raees-royal-46b656196
"Dhandeep Developers – Trusted Real Estate Properties & Land Consultancy in Nanded City, Pune",https://dhandeepdevelopers.com/,Yes,+91 92844 49557,59,Low,4.9,SerpAPI,"Office No.S34, 2nd Floor, Destination Center 1, 411041, Nanded City Sinhgad Rd, Nanded, Pune, Maharashtra 411068, India",real estate companies,"Mobile App Development, AI Chatbot / CRM",21.0,dhandeepdevelopers2025@gmail.com,Sandeep Popat Gaikwad,https://www.instagram.com/dhandeep_developers_pune
Metropedia & Co - Best GCC Real Estate - Buy Sell Lease Invest High RoI Pre-lease Pre-leased Commercial Industrial FDI Land,https://www.leasepreleased.com/,Yes,+91 70380 00001,63,Low,4.9,SerpAPI,"Shop # 7, Ground Floor, La Ventana, NIBM Rd, Kondhwa, Pune, Maharashtra 411048, India",real estate companies,"Mobile App Development, AI Chatbot / CRM, E-Commerce Development",28.0,contact@metropedia.co,Manish Gupta,https://www.linkedin.com/in/metropedia-and-co-546b9969
Dealwel Property - Commercial real estate in Pune,https://dealwelproperty.com/,Yes,+91 88886 00050,88,High,5.0,SerpAPI,"Office no. 225, 2nd floor, Sterling Centre, MG Road, opp. Punjab National Bank, Camp, Pune, Maharashtra 411001, India",real estate companies,"Website Revamp, Mobile App Development, Digital Marketing, AI Chatbot / CRM, CRM / HRM Software, Cloud Services, Analytics Integration, E-Commerce Development",75.0,amol@dealwelproperty.com,Amol Vilasrao Suryavanshi,https://www.linkedin.com/in/amol-suryavanshi-912b7a135
96 Realtors,http://96realtors.com/,Yes,+91 77690 46153,68,Medium,4.9,SerpAPI,"Shree Shiv Shankar Society, Bibwewadi, Pune, Maharashtra 411037, India",real estate companies,"Mobile App Development, Digital Marketing, SSL / Security, Analytics Integration",38.0,info@96realtors.com,Pramod Khairnar,https://www.linkedin.com/company/96-realtors
ONENESS REALTY PUNE ( Real estate agency),https://www.onenessrealty.co.in/,Yes,+91 70383 98323,66,Medium,4.8,SerpAPI,"Shop no 602, Nirvana Complex, opp. to SEASONS MALL, near Amanora Mall, Amanora Park Town, Hadapsar, Pune, Maharashtra 411028, India",real estate companies,"Mobile App Development, AI Chatbot / CRM, Cloud Services, Analytics Integration",35.0,onenessrealtypune@gmail.com,Rahul Shinde,https://in.linkedin.com/company/oneness-realty-pune
Mantra Properties,https://www.mantraproperties.in/,Yes,+91 20 7196 7641,59,Medium,4.1,SerpAPI,"3rd Floor, Bund Garden Rd, next to INOX Bund Garden, Pune, Camp, Pune, Maharashtra 411001, India",real estate companies,"Mobile App Development, AI Chatbot / CRM, Cloud Services, E-Commerce Development",36.0,info@mantraproperties.in,Manoj Gupta,https://www.linkedin.com/company/mantrapropertiesanddevelopers
Kohinoor Group,https://www.kohinoorpune.com/,Yes,+91 20 6724 2200,63,Medium,4.5,SerpAPI,"Icc Trade Tower, A -101/102, Senapati Bapat Rd, Laxmi Society, Model Colony, Shivajinagar, Pune, Maharashtra 411016, India",real estate companies,"Mobile App Development, AI Chatbot / CRM, Cloud Services, E-Commerce Development",36.0,marketing@kohinoorpune.com,Krishnakumar Goyal,https://www.linkedin.com/company/kohinoor
Tresco Realty,http://www.trescorealty.in/,Yes,+91 97645 51333,60,Medium,4.2,SerpAPI,"Plot No, 305, Serene Bay, 389, Lane No. 6, Kavadewadi, Koregaon Park, Pune, Maharashtra 411001, India",real estate companies,"Mobile App Development, AI Chatbot / CRM, Cloud Services, E-Commerce Development",36.0,info@trescorealty.in,Milind Dhiwar,https://www.linkedin.com/company/trescorealty
Pavillion Homes | Best Trusted Agent Real in Pune | Real estate Agent Aundh Pune,,No,+91 99222 50753,91,High,4.9,SerpAPI,"Petrol Pump, below food junction, below Fine Foods, Marutirao Gaikwad Nagar, Aundh, Pune, Maharashtra 411067, India",real estate companies,"Web Development, Mobile App Development, Digital Marketing, AI Chatbot / CRM",85.0,info@pavillionhomes.in,Pankaj Jadhav,https://www.facebook.com/PavillionHomesPune/
Welkinwits Technologies LLP,https://www.welkinwitstech.com/,Yes,,57,Low,4.5,SerpAPI,"3rd floor, Sahya Building, Special Economic Zone Cyber Park, WelkinWits Technologies LLP, Kozhikode, Kerala 673016, India",it companies,"Mobile App Development, Analytics Integration, E-Commerce Development",25.0,info@welkinwits.com,Not Found,https://www.linkedin.com/company/welkinwits-technologies-llp
Mentegoz Technologies,https://www.mentegoz.com/,Yes,+91 70127 27621,50,Low,5.0,SerpAPI,"Meenakshi tower, 3rd floor, Nadakkavu - Mini Bypass Rd, Eranhipaalam, Kozhikode, Kerala 673006, India",it companies,None Identified,0.0,info@mentegoz.com,Not Found,https://www.linkedin.com/company/mentegoztechnologies
Codelattice,https://www.codelattice.com/,Yes,+91 96206 15727,53,Low,4.9,SerpAPI,"5th floor, Cafit Square, HiLITE Business Park, Poovangal, Kozhikode, Pantheeramkavu, Kerala 673014, India",it companies,AI Chatbot / CRM,9.0,askus@codelattice.com,Not Found,https://www.linkedin.com/company/codelattice
Imagino Solutions Pvt Ltd,https://imaginosolutions.com/,Yes,+91 62822 60127,49,Low,4.9,SerpAPI,"NO.1408, 4th Floor, HiLITE Business Park, Poovangal, Kozhikode, Pantheeramkavu, Kerala 673014, India",it companies,None Identified,0.0,info@imaginosolutions.com,Not Found,https://www.linkedin.com/company/imaginosolutions
Lilac Infotech,https://lilacinfotech.com/#utm_source=GMP&utm_medium=organic&utm_campaign=main+Website,Yes,+91 83601 39952,51,Low,4.7,SerpAPI,"2nd Floor, Sahya Building Govt. Cyberpark KSITIL Special Economic Zone, Nellikode, Kerala 673016, India",it companies,E-Commerce Development,8.0,info@lilacinfotech.com,Not Found,https://in.linkedin.com/company/lilac-infotech-pvt-ltd
CodeAce IT Solutions LLP,https://www.codeace.com/,Yes,+91 70344 88488,57,Low,4.7,SerpAPI,"Unit No. 4B, Second Floor, Sahya Building Govt. Cyberpark, KSITIL Special Economic Zone, PO, Nellikode, Kozhikode, Kerala 673016, India",it companies,"Mobile App Development, AI Chatbot / CRM",21.0,hello@codeace.com,Not Found,https://in.linkedin.com/company/codeace
GJ Global IT Ventures - Software Company in Kozhikode,http://www.gjglobalsoft.com/,Yes,+91 98955 53353,56,Low,4.8,SerpAPI,"Cyberpark, Palazhi, Kozhikode, Pantheeramkavu, Kerala 673016, India",it companies,"AI Chatbot / CRM, E-Commerce Development",17.0,hello@gjglobalsoft.com,Not Found,https://www.linkedin.com/company/gj-global
Infinite Open Source Solutions LLP,https://ioss.co/,Yes,+91 95449 71055,45,Low,4.5,SerpAPI,"Sahya Building, KSITIL Special Economic Zone, Unit No 03, Nellikode PO, Govt .Cyberpark, Kozhikode, Kerala 673016, India",it companies,None Identified,0.0,support@ioss.in,Not Found,https://www.linkedin.com/company/infinite-open-source-solutions
Niveosys Technologies Pvt Ltd.,https://www.niveosys.com/,Yes,+91 495 297 0104,60,Low,4.8,SerpAPI,"Ground Floor, Niveosys Technologies Pvt Ltd, KINFRA Advanced Technology Park, Ramanattukara, Kozhikode, Kerala 673631, India",it companies,"AI Chatbot / CRM, Analytics Integration, E-Commerce Development",23.0,enquiry@niveosys.org,Not Found,https://www.instagram.com/niveosys
MaiTexa Technologies,https://www.maitexa.in/,Yes,+91 94479 33266,60,Low,4.9,SerpAPI,"First Floor, AVS Tower, 4437, Kallai Rd, opp. Jayalakshmi Silks, Palayam, Kozhikode, Kerala 673002, India",it companies,"Cloud Services, Analytics Integration, E-Commerce Development",22.0,info@maitexa.in,Not Found,https://www.linkedin.com/company/maitexa-technologies-private-limited/mycompany
CALICUT REAL ESTATES,,No,+91 93875 23327,91,High,4.9,SerpAPI,"Sharara Plaza, E-13, Mavoor Rd, Mavoor Road Junction, Arayidathupalam, Kozhikode, Kerala 673001, India",real estate companies,"Web Development, Mobile App Development, Digital Marketing, AI Chatbot / CRM",85.0,info@calicutrealestates.com,Not Found,Not Found
KOZHIKODE PROPERTY REAL ESTATE ( Real Estate Agent - House for Sale - Commercial Property ) - Kozhikode,,No,+91 93875 23327,91,High,4.9,SerpAPI,"63/897, OUR COLLEGE BUILDING,GROUND FLOOR, Mavoor Rd, near KSRTC BUS TERMINAL, Kozhikode, Kerala 673001, India",real estate companies,"Web Development, Mobile App Development, Digital Marketing, AI Chatbot / CRM",85.0,info@kozhikodeproperty.com,Not Found,Not Found
Happy Deals,,No,+91 98464 98466,91,High,4.9,SerpAPI,"Manama Building, scan point second floor, Kozhikode, Kerala 673001, India",real estate companies,"Web Development, Mobile App Development, Digital Marketing, AI Chatbot / CRM",85.0,info@happydeals.com,Not Found,Not Found
Thomas Associates,http://www.thomasassociatesreal.com/,Yes,+91 93875 23327,62,Low,4.8,SerpAPI,"Ground Floor, Our College Building UK Sankunni Road, and, Mavoor Rd, starting, Koombara, Kozhikode, Kerala 673001, India",real estate companies,"Mobile App Development, AI Chatbot / CRM, E-Commerce Development",28.0,info@thomasassociatesonline.com,Not Found,https://instagram.com/thomas_associates_online
Thomas Associates Villa For Sale Calicut,http://thomasassociatesrealty.com/,Yes,+91 93875 23327,69,Medium,5.0,SerpAPI,"13, Sharara Plaza, Mavoor Rd, Singapore Bazar, Arayidathupalam, Mavoor, Kozhikode, Kerala 673004, India",real estate companies,"Mobile App Development, Digital Marketing, SSL / Security, Analytics Integration",38.0,info@thomasassociates.in,Not Found,https://www.facebook.com/thomasassociatescalicut
Karadan Lands Pvt. Ltd.,https://karadanlands.in/,Yes,+91 92075 92000,62,Low,4.8,SerpAPI,"1st Floor, Karadan Square, Cherooty Nagar Housing Colony, Koombara, Kozhikode, Kerala 673006, India",real estate companies,"Mobile App Development, CRM / HRM Software, Cloud Services",27.0,info@karadanlands.in,Not Found,https://www.instagram.com/karadan_lands
Landworld Real Estate,http://landworld.in/,Yes,+91 92491 99999,62,Low,5.0,SerpAPI,"2nd Floor, HiLITE Business Park, Poovangal, Pantheeramkavu, Kozhikode, Kerala 673014, India",real estate companies,"Mobile App Development, Cloud Services, Analytics Integration",25.0,Info@landworld.in,Not Found,https://www.instagram.com/landworld.in
Raf Realtors,https://rafrealtors.com/,Yes,+91 77368 52999,63,Low,4.9,SerpAPI,"Rm No.1715, 7th Floor, HiLITE Business Park, Poovangal, Kozhikode, Pantheeramkavu, Kerala 673014, India",real estate companies,"Mobile App Development, Digital Marketing, Analytics Integration",29.0,info@rafrealtors.com,Not Found,https://www.facebook.com/rafrealtors
ESHKOL Propertia,http://www.t-eshkol.com/,Yes,+91 85920 18822,90,High,4.8,SerpAPI,"K R Arcade, Shasthri Nagar Colony, East Nadakkave, Kozhikode, Kerala 673006, India",real estate companies,"Website Revamp, Mobile App Development, Digital Marketing, SSL / Security, AI Chatbot / CRM, CRM / HRM Software, Cloud Services, Analytics Integration, E-Commerce Development",85.0,info@eshkolpropertia.com,Not Found,https://www.instagram.com/eshkolpropertia
Lyra Realtors Private Limited,http://www.lyrarealtors.com/,Yes,+91 99611 88802,75,Medium,4.8,SerpAPI,"Trans Avenue, 14/836, NGO Quarters - Mavelipuram Rd, near Municipal office, Thrikkakara, Kakkanad, Kochi, Kakkanad, Kerala 682030, India",real estate compamines,"Mobile App Development, Digital Marketing, AI Chatbot / CRM, CRM / HRM Software, Analytics Integration, E-Commerce Development",54.0,lyrarealtors@gmail.com,Not Found,Not Found
Real Estate Kochi,,No,+91 90726 77333,88,High,4.6,SerpAPI,"North Park building, St Vincent Rd, North Kaloor, Kacheripady, Ernakulam, Kerala 682018, India",real estate compamines,"Web Development, Mobile App Development, Digital Marketing, AI Chatbot / CRM",85.0,info@realestatekochi.com,Not Found,Not Found
CBRE Kochi,https://www.cbre.co.in/?utm_medium=organic&utm_source=google&utm_campaign=GoogleMyBusiness_yext_local_listings,Yes,+91 484 414 8280,66,Medium,4.8,SerpAPI,"Suite No: 2, 6th Floor, Centre A, Alapatt Heritage Building, 40 / 6584 (G, Mahatma Gandhi Rd, Shenoys, Kochi, Ernakulam, Kerala 682035, India",real estate compamines,"Mobile App Development, AI Chatbot / CRM, Cloud Services, E-Commerce Development",36.0,info@cbre.co.in,Not Found,https://www.linkedin.com/company/cbre-india
Kerala Realty,http://keralarealty.in/,Yes,+91 77361 00999,63,Low,4.9,SerpAPI,"4 th floor, Green Land Heights, KRA Business Centre, Civil Line Rd, Kochi, Kerala 682025, India",real estate compamines,"Mobile App Development, Cloud Services, E-Commerce Development",27.0,keralarealty.in@gmail.com,Not Found,Not Found
BRS REALTORS,https://brsrealtors.com/,Yes,+91 484 407 3636,62,Low,4.8,SerpAPI,"No 87, 63/472A, north extension road, North Gandhi Nagar, Giri Nagar, Kadavanthra, Kochi, Ernakulam, Kerala 682020, India",real estate compamines,"Mobile App Development, Cloud Services, E-Commerce Development",27.0,info@brsrealtors.com,Not Found,Not Found
Jacob Thomas Property Management Consultant,https://jacobthomas.biz/,Yes,+91 94953 00009,62,Low,4.8,SerpAPI,"Flat Number:1A6, Holyfaith Four Square Manor, Behind Model Engineering, College,, Thrikkakara, Kakkanad, Kochi, Kerala 682021, India",real estate compamines,"Mobile App Development, CRM / HRM Software, Cloud Services",27.0,jacob@jacobthomas.biz,Not Found,https://www.linkedin.com/in/jacob-thomas-9b045158
KOCHI REALTY HUB,https://www.instagram.com/kochirealtyhub/,Yes,+91 93491 60539,63,Low,4.9,SerpAPI,"Spring dew building, Karingachira, Thrippunithura, Ernakulam, Kerala 682301, India",real estate compamines,"Website Revamp, AI Chatbot / CRM, Analytics Integration",29.0,info@kochirealtyhub.com,Not Found,Not Found
Kochi Realtor,https://kochirealtor.in/,Yes,+91 93493 91800,61,Low,4.7,SerpAPI,"Ponekkara, Edappally, Ernakulam, Kerala 682024, India",real estate compamines,"Mobile App Development, Digital Marketing, Analytics Integration",29.0,info@kochirealtor.com,Not Found,Not Found
Realtyfield Advisors Private Limited,https://realtyfield.in/,Yes,+91 97450 60345,56,Low,5.0,SerpAPI,"62/5011, Wolfpack, Mahatma Gandhi Rd, Iyyattil Junction, Shenoys, Kochi, Ernakulam, Kerala 682011, India",real estate compamines,Mobile App Development,12.0,info@realtyfield.in,Not Found,https://www.linkedin.com/company/realtyfield
Ernakulam Realestates,https://ernakulamrealestates.com/,Yes,+91 85899 94444,59,Low,4.7,SerpAPI,"LFC Rd, Kaloor, Kochi, Ernakulam, Kerala 682017, India",real estate compamines,"Mobile App Development, Cloud Services, Analytics Integration",25.0,antonyjofin@yahoo.com,Not Found,https://www.instagram.com/ernakulam_realestates
Gujarat Infotech Limited,https://www.gujaratinfotech.com/,Yes,+91 79 2748 5109,48,Low,4.8,SerpAPI,"3rd Floor, 304-307, Science City Rd, near Shell Petrol Pump, Sola, Ahmedabad, Gujarat 380060, India",it companies,None Identified,0.0,info@gujarat-infotech.com,Not Found,https://www.linkedin.com/company/gujarat-infotech-ltd-
Budventure Technologies Pvt Ltd,https://www.budventure.technology/,Yes,+91 99241 01601,49,Low,4.9,SerpAPI,"303, Vedanta, opp. Usmanpura, Garden, Usmanpura, Ahmedabad, Gujarat 380009, India",it companies,None Identified,0.0,support@budventure.technology,Not Found,https://www.linkedin.com/company/budventuretechnology
Top Software Companies,https://topsoftwarecompanies.co/,Yes,,58,Low,5.0,SerpAPI,"C 308, Sarkhej - Gandhinagar Hwy, opposite Kargil Petrol Pump, near Gujarat High Court, Vishwas City 1, Sola, Ahmedabad, Gujarat 380060, India",it companies,"AI Chatbot / CRM, E-Commerce Development",17.0,info@topsoftwarecompanies.com,Not Found,https://www.linkedin.com/company/top-software-companies
Rushkar Technology Pvt. Ltd,https://rushkar.com/?utm_source=GMBListing&utm_medium=Organic,Yes,+91 78628 49759,46,Low,4.6,SerpAPI,"B-512, Titenium City Center, Satellite, Ahmedabad, Gujarat 380015, India",it companies,None Identified,0.0,hrteam@rushkar.com,Not Found,https://in.linkedin.com/company/rushkar-enterprise
Hyperlink InfoSystem,https://www.hyperlinkinfosystem.com/,Yes,+91 80001 61161,45,Low,4.5,SerpAPI,"Ganesh Meridian, BLOCK-C, Opp Gujarat high court, 106/B, Sarkhej - Gandhinagar Hwy, Sola, Ahmedabad, Gujarat 380060, India",it companies,None Identified,0.0,info@hyperlinkinfosystem.com,Not Found,https://www.linkedin.com/company/hyperlinkinfosystem
BoTree Technologies,https://www.botreetechnologies.com/,Yes,+91 81411 89890,44,Low,4.4,SerpAPI,"14th Floor, COLONNADE-2, B/H, Rajpath Rangoli Rd, nr. Maruti Celedron, opp. AUDA Garden, Bodakdev, Ahmedabad, Gujarat 380059, India",it companies,None Identified,0.0,sales@botreetechnologies.com,Not Found,https://www.linkedin.com/company/botreetechnologies
Hashcrypt Technologies Pvt. Ltd.,https://hashcrypt.com/,Yes,+91 90332 72899,49,Low,4.9,SerpAPI,"3rd Floor, United Square, Nana Mava Rd, Karan Park, Rajkot, Gujarat 360001, India",it companies,None Identified,0.0,contact@hashcrypt.com,Not Found,https://www.linkedin.com/company/hashcrypt-technologies
Silicon IT Hub,https://www.siliconithub.com/?utm_source=google&utm_medium=local&utm_campaign=gmb&utm_content=india,Yes,+91 79 3512 7022,44,Low,4.4,SerpAPI,"B1-Ground Floor, Safal Profitaire, Corporate Rd, Prahlad Nagar, Ahmedabad, Gujarat 380015, India",it companies,None Identified,0.0,usa@siliconithub.com,Not Found,https://www.linkedin.com/company/silicon-it-hub-pvt-ltd
MLM Software company Ahmedabad DNG,https://www.dngwebtech.com/mlm-software-development,Yes,+91 98248 90699,66,Medium,4.8,SerpAPI,"11th floor office no 1104 Capstone building, kalgi cross roads Above la pino'z pizza, nr parimal garden, Gujarat 380006, India",it companies,"Mobile App Development, AI Chatbot / CRM, Cloud Services, E-Commerce Development",36.0,info@dngwebtech.com,Not Found,https://www.linkedin.com/company/dng-web-tech
TechMayntra IT Solutions,https://techmayntra.com/,Yes,+91 97222 27539,50,Low,5.0,SerpAPI,"JB tower, 715, opp. Doordarshan kendra, Nilmani Society, Thaltej, Ahmedabad, Gujarat 380054, India",it companies,None Identified,0.0,info@techmayntra.com,Not Found,https://www.linkedin.com/company/techmayntra-services-private-limited/mycompany
Pentium Construction Pvt Ltd - Builders in Calicut,http://www.pentiumconstructions.in/,Yes,+91 95441 41000,85,High,4.9,SerpAPI,"Aravind Ghosh Road, Mananchira, Kozhikode, Kerala 673001, India",construction companies,"Website Revamp, Mobile App Development, SSL / Security, AI Chatbot / CRM, CRM / HRM Software, Cloud Services, Analytics Integration, E-Commerce Development",73.0,info@pentiumconstruction.com,Not Found,http://nginx.com
Unicap contractors & Developers Pvt Ltd,http://www.unicap.in/,Yes,+91 79941 11444,91,High,4.9,SerpAPI,"Mini Bypass Rd, Thiruthiyad, Kozhikode, Kerala 673004, India",construction companies,"Website Revamp, Mobile App Development, Digital Marketing, SSL / Security, AI Chatbot / CRM, CRM / HRM Software, Cloud Services, Analytics Integration, E-Commerce Development",85.0,info@unicapcontractors.com,Not Found,Not Found
Reigate Builders P Ltd,https://reigatebuilders.com/,Yes,+91 94470 92396,53,Low,4.7,SerpAPI,"West Nadakkave, Vandipetta, West Hill, Kozhikode, Kerala 673011, India",construction companies,Mobile App Development,12.0,sales@reigatebuilders.com,Not Found,https://www.instagram.com/reigatebuilders
Hiline Construction | Builders & Developers Calicut,https://www.hilinedevelopers.com/,Yes,+91 96337 47727,66,Medium,4.8,SerpAPI,"A18, 2nd Floor, Sree Hari Building, 5/854, NH bypass, near Decathlon Rd, Kodal Nadakkavu, Pantheeramkavu, Pantheerankave, Kerala 673019, India",construction companies,"Mobile App Development, AI Chatbot / CRM, Cloud Services, E-Commerce Development",36.0,hilineclt@gmail.com,Not Found,https://www.instagram.com/hiline.developers
Confident Group Builders - Calicut,https://www.confident-group.com/flats-in-calicut?utm_source=google&utm_medium=gmb&utm_campaign=gmb_calicut_page,Yes,+91 495 309 3333,57,Low,4.7,SerpAPI,"3rd floor, BUILDING NO.29/2241 B4 KARIMBANAKKAL BUILDING, NELLIKODE, BYPASS, Thondayad, Kerala 673016, India",construction companies,"Mobile App Development, E-Commerce Development",19.0,info@confidentgroup.com,Not Found,https://www.instagram.com/confidentgroupofficial
Gravity Infrastructures,http://gravityinfrastructures.com/,Yes,+91 98462 38687,71,Medium,5.0,SerpAPI,"Raj Kamal, State Highway 28, Arayidathupalam, BuildingKozhikode, Kozhikode, Kerala 673004, India",construction companies,"Mobile App Development, AI Chatbot / CRM, Cloud Services, Analytics Integration, E-Commerce Development",42.0,info@gravityinfrastructures.com,Not Found,https://www.facebook.com/gravityinfrastructures
Attitude Builders & Consultants,https://attitudebuildcon.com/,Yes,+91 94470 19259,67,Medium,4.9,SerpAPI,"Hillview Colony, Chevayoor, Kozhikode, Kerala 673017, India",construction companies,"Mobile App Development, AI Chatbot / CRM, CRM / HRM Software, E-Commerce Development",36.0,info@attitudebuilders.com,Not Found,https://www.instagram.com/abc_attitudebuilders
Calicut Landmark Builders,http://landmarkbuilders.co.in/,Yes,+91 495 243 6600,55,Low,4.1,SerpAPI,"Mini Bypass Rd, Thondayad, Kozhikode, Iringallur, Kerala 673014, India",construction companies,"Mobile App Development, SSL / Security, E-Commerce Development",28.0,marketing@landmarkbuilders.co.in,Not Found,https://www.instagram.com/calicutlandmarkbuilders
Calicut Landmark Builders Private Limited,https://landmarkbuilder.in/,Yes,+91 93881 12233,62,Low,4.8,SerpAPI,"NH 17 Bypass, Junction, Thondayad, Kozhikode, Kerala 673016, India",construction companies,"Mobile App Development, Digital Marketing, Analytics Integration",29.0,info@landmarkbuilders.co.in,Not Found,Not Found
PMK Constructions India Private Limited,https://www.pmkconstructions.in/about.html,Yes,+91 495 276 1890,75,High,4.4,SerpAPI,"7Q6H+22H, YMCA International Cultural Complex, YMCA Cross Rd, Kozhikode, Kerala 673001, India",construction companies,"Mobile App Development, Digital Marketing, AI Chatbot / CRM, CRM / HRM Software, Cloud Services, Analytics Integration, E-Commerce Development",62.0,info@pmkconstructions.com,P.M. Kelukutty,Not Found
BRS REALTORS,https://brsrealtors.com/,Yes,+91 484 407 3636,62,Low,4.8,SerpAPI,"No 87, 63/472A, north extension road, North Gandhi Nagar, Giri Nagar, Kadavanthra, Kochi, Ernakulam, Kerala 682020, India",real estate companies,"Mobile App Development, Cloud Services, E-Commerce Development",27.0,info@brsrealtors.com,Not Found,https://www.linkedin.com/company/brs-realtors
Zeztate Property Management Services,http://www.zeztate.com/,Yes,+91 91425 26272,65,Medium,4.7,SerpAPI,"opp, EMC NH Bypass, Kesaveeyam, Palarivattom, Kochi, Ernakulam, Kerala 682025, India",real estate companies,"Mobile App Development, AI Chatbot / CRM, CRM / HRM Software, E-Commerce Development",36.0,mail@zeztate.com,Not Found,https://www.linkedin.com/company/zeztateofficial
Zephyr Technologies & Solutions Pvt Ltd – Certified Internship & Skill Training (Bangalore | Mangalore | India),http://www.zephyrtechnologies.co/,Yes,+91 81118 43307,60,Low,4.8,SerpAPI,"5th floor, Oberle Towers, Balmatta, Mangaluru, Karnataka 575001, India",it companies,"AI Chatbot / CRM, CRM / HRM Software, E-Commerce Development",25.0,info@zephyrtech.in,Not Found,https://www.linkedin.com/company/zephyrtechsolnpvtltd
(UniCourt) Mangalore Infotech Solutions Pvt. Ltd.,https://mangaloreinfotech.in/,Yes,,63,Medium,4.5,SerpAPI,"Ground Floor, Bhangra, Diya Tech Park, Chowki, Kuloor - Kavoor Rd, Bangrakuloor, Kottara, Mangaluru, Karnataka 575013, India",it companies,"Mobile App Development, AI Chatbot / CRM, Analytics Integration, E-Commerce Development",35.0,info@mispl.com,Not Found,https://www.linkedin.com/company/mispl
Cognizant Technology Solutions,http://www.cognizant.com/contactus?LocationType=I-M&cntry=india,Yes,+91 1800 208 6999,68,Medium,4.3,SerpAPI,"1st Cross Road, CREO Building, #743/1 Bendoorwell Kadri Village Kasaba hobli, Bendoor, Mangaluru, Karnataka 575002, India",it companies,"Mobile App Development, AI Chatbot / CRM, CRM / HRM Software, Cloud Services, Analytics Integration, E-Commerce Development",50.0,inquiry@cognizant.com,Ravi Kumar,https://www.linkedin.com/company/cognizant
Diya Systems (Mangalore) Pvt. Ltd,http://www.diya.net/,Yes,+91 824 248 5307,54,Low,4.0,SerpAPI,"post, near kings Park Layout, Mary Hill, Ranipura Ulliya, Kavoor, Mangaluru, Karnataka 575015, India",it companies,"Mobile App Development, Cloud Services, E-Commerce Development",27.0,info@diyasystems.com,V. B. Rao,https://www.linkedin.com/company/unifycx
Worldwide Cloud Solutions,,No,+91 96639 64151,91,High,4.9,SerpAPI,"4-59/3, Shree Ram Building Derebail, Konchady, Mangaluru, Karnataka 575006, India",it companies,"Web Development, Mobile App Development, Digital Marketing, AI Chatbot / CRM",85.0,info@worldwidecloudsolutions.com,Not Found,Not Found
CodeCraft Technologies Pvt Ltd,https://www.codecrafttech.com/,Yes,+91 824 244 3697,49,Low,4.5,SerpAPI,"2nd Floor, Classique arcade, KSR Road, Hampankatta, Mangaluru, Karnataka 575001, India",it companies,E-Commerce Development,8.0,contactus@codecraft.co.in,Dikshith Rai,https://in.linkedin.com/in/dikshithrai
Vitvara Technologies,http://www.vitvara.in/,Yes,+91 85488 66226,61,Low,4.9,SerpAPI,"2nd Floor, Adarsh friends association, Chilimbi, Kotekani, Mangaluru, Karnataka 575004, India",it companies,"AI Chatbot / CRM, CRM / HRM Software, Cloud Services",25.0,support@vitvara.in,Not Found,https://www.instagram.com/vitvara_technologies
Mphasis,https://careers.mphasis.com/,Yes,,55,Low,4.1,SerpAPI,"Morgan's Gate, ELLA, PL Compound, Jeppu Market Rd, Mangaluru, Karnataka 575001, India",it companies,"Mobile App Development, AI Chatbot / CRM, E-Commerce Development",28.0,accomodationrequest@mphasis.com,Nitin Rakesh,https://in.linkedin.com/company/mphasis
Trinix Technologies Private Limited,http://www.trinixtechnologies.com/,Yes,+91 81479 43821,55,Low,4.8,SerpAPI,,it companies,"Cloud Services, Analytics Integration",14.0,trinixtechnologies@gmail.com,Not Found,https://instagram.com/trinixtechnologies
Prasanna Technologies Pvt Ltd,http://www.prasannatechnologies.com/,Yes,+91 824 249 3009,52,Low,4.0,SerpAPI,"2nd floor, Essel centre, MG Rd, Tilak Nagar, Boloor, Kodailbail, Mangaluru, Karnataka 575003, India",it companies,"Mobile App Development, Cloud Services, Analytics Integration",25.0,info@prasannatechnologies.com,Prasanna,https://www.linkedin.com/company/prasanna-technologies-pvt-ltd
Royallinks Constructions Bangalore,https://www.royallinks.in/,Yes,+91 99806 43040,59,Low,4.5,SerpAPI,"First Floor 3rd Sector, No: 765,16th Main, 22nd Cross Rd, near HSR Club, HSR Layout, Bengaluru, Karnataka 560102, India",construction companies,"Mobile App Development, Digital Marketing, Analytics Integration",29.0,info@royallinksconstructions.com,Not Found,https://www.linkedin.com/company/royallinks-constructions
Smiti Construction,http://smiticonstruction.com/,Yes,+91 99455 78800,59,Low,4.9,SerpAPI,"1, Plot 1668/1 sy 45/4,Nagadevanahalli 1st Block, Sir M.V Layout, BDA, 1st Block, SMV Layout, Bengaluru, Karnataka 560110, India",construction companies,"Mobile App Development, Cloud Services",19.0,info@smiticonstruction.com,Not Found,https://www.linkedin.com/company/smiti-construction
Tectonics Constructions - Construction Companies Bangalore | Best Construction company Bangalore | Civil Contractors,https://www.tectonicsconstruction.com/,Yes,+91 78928 33188,65,Medium,4.7,SerpAPI,"No#53, 3rd Cross Rd, near prathyangira devi temple Hillview garden, Jayanagar housing society layout, Subramanyapura, Bengaluru, Karnataka 560061, India",construction companies,"Mobile App Development, AI Chatbot / CRM, Cloud Services, E-Commerce Development",36.0,tectonics.ms@gmail.com,Not Found,https://www.instagram.com/tectonics_constructions
"Wall Nut Builders Bangalore, Best Construction Company, Interior Designing, Villa Construction",http://wallnutbuilders.in/,Yes,+91 99166 80792,62,Low,4.8,SerpAPI,"maruthi Mandir, 23, 80 Feet Rd, 2nd Block, Govindaraja Nagar Ward, Anubhav Nagar, Vijayanagar, Bengaluru, Karnataka 560072, India",construction companies,"Mobile App Development, Cloud Services, E-Commerce Development",27.0,wallnutbuilders@gmail.com,Not Found,https://www.linkedin.com/company/wall-nut-builders
Brickmark constructions | Best construction company in Bangalore,https://brickmark.in/,Yes,+91 76768 95443,80,High,4.9,SerpAPI,"48/2 2nd floor KC das building Church Street, St Mark's Rd, Bengaluru, Karnataka 560001, India",construction companies,"Mobile App Development, Digital Marketing, AI Chatbot / CRM, CRM / HRM Software, Cloud Services, Analytics Integration, E-Commerce Development",62.0,info@brickmarkconstructions.com,Not Found,https://www.linkedin.com/company/brickmark-constructions
Vinra Group - Construction | Interior | Real Estate,https://vinragroup.com/,Yes,+91 88848 98765,53,Low,4.3,SerpAPI,"No-34-1 First Floor Promenade, Junction, Meanee Ave Rd, Sindhi Colony, Sivanchetti Gardens, Bengaluru, Karnataka 560042, India",construction companies,"Mobile App Development, Cloud Services",19.0,info@vinragroup.com,Not Found,https://www.linkedin.com/company/vinragroup
Buildhood Infratech Pvt Ltd | Builders | Best Home Construction Company,https://www.buildhood.com/,Yes,+91 78028 08080,64,Medium,4.8,SerpAPI,"107, 1st Floor, Brigade Arcade, Whitefield Rd, Brigade Metropolis, Garudachar Palya, Bengaluru, Karnataka 560048, India",construction companies,"AI Chatbot / CRM, CRM / HRM Software, Cloud Services, E-Commerce Development",32.0,enquiry@buildhood.com,Not Found,https://www.linkedin.com/company/buildhood-infratech
Rightcon Constructions Pvt Ltd - Premium Construction Contractors,http://rightcon.in/,Yes,+91 96065 92959,83,High,4.7,SerpAPI,"240, 32nd Cross Rd, 7th Block, Jayanagar, Bengaluru, Karnataka 560070, India",construction companies,"Website Revamp, Mobile App Development, SSL / Security, AI Chatbot / CRM, CRM / HRM Software, Cloud Services, Analytics Integration, E-Commerce Development",73.0,info@rightconconstructions.com,Not Found,https://www.linkedin.com/company/rightcon-constructions-pvt-ltd
Tycoon Constructions Pvt Ltd - Construction companies in Bangalore - leading construction companies in bangalore,https://tycoonconstructions.in/,Yes,+91 99725 48168,59,Low,4.5,SerpAPI,"Smart plaze, Coles Rd, Cleveland Town, Fraser Town, Bengaluru, Karnataka 560005, India",construction companies,"Mobile App Development, Digital Marketing, Analytics Integration",29.0,info@tycoonconstructions.com,Not Found,https://www.linkedin.com/company/tycoon-constructions
Metro Mane Construction Contractors Bangalore,http://www.metromane.in/,Yes,+91 81472 68952,54,Low,4.4,SerpAPI,"941, near Deepa Complex, opposite to BBMP Ground, Papreddy Palya, 2nd Stage, Nagarbhavi, Bengaluru, Karnataka 560072, India",construction companies,"Mobile App Development, E-Commerce Development",19.0,info@metromane.in,Not Found,https://www.instagram.com/metro_mane
"Gamut Buildcon Pvt. Ltd.- EPC, Civil Construction & Interior Designer Company In Delhi NCR, Gurugram & Noida, India",https://www.gamutbuildcon.com/,Yes,+91 97116 37900,49,Low,4.5,SerpAPI,"Unit No. 301, F4J2+G27, Mehrauli-Gurgaon Rd, Sikanderpur, Sector 26, Gurugram, Haryana 122002, India",construction companies,Cloud Services,8.0,tender@gamutbuildcon.com,Not Found,https://www.linkedin.com/company/gamut-buildcon-pvt-ltd
Jandu Construction India Pvt. Ltd.,,No,,84,High,4.2,SerpAPI,"A-21, Second Floor, Pushpanjali Enclave, Pitampura, New Delhi, Delhi 110034, India",construction companies,"Web Development, Mobile App Development, Digital Marketing, AI Chatbot / CRM",85.0,info@janduconstruction.com,Jandu,Not Found
Mastic Asphalt Road Contractor Govt. & Pvt.,https://youtube.com/channel/UC79Pjhqwlv3m-OCLZU2kHsw,Yes,+91 98913 62044,63,Low,4.9,SerpAPI,"House no. 41, Block D, JJ Colony, Sector 24, Rohini, Delhi, 110085, India",construction companies,"Mobile App Development, Digital Marketing, Analytics Integration",29.0,info@masticasphaltroadcontractor.com,Not Found,Not Found
KRISHNA CONSTRUCTION COMPANY,http://krishnaconstructionco.com/,Yes,+91 99107 26333,67,Medium,4.8,SerpAPI,"A-105/2, Vijay Vihar Phase II, Sector 4, Pocket N, Sector 4, Rohini, New Delhi, Delhi, 110085, India",construction companies,"Mobile App Development, Digital Marketing, SSL / Security, Analytics Integration",38.0,info@krishnaconstruction.com,Krishna,Not Found
VRC Constructions (India) Limited,http://www.vrcgroup.in/,Yes,+91 11 2521 1095,51,Low,4.3,SerpAPI,"Plot No.16 ,VRC Tower, Rohtak Road, 190, Paschim Vihar Ext Rd, opp. Metro Pillar No, New Delhi, Delhi 110063, India",construction companies,"CRM / HRM Software, E-Commerce Development",15.0,info@vrcgroup.in,Not Found,https://www.linkedin.com/company/vrc-group
ANEJA CONSTRUCTIONS INDIA LIMITED,http://www.acil.co.in/,Yes,+91 11 4552 0699,53,Low,4.4,SerpAPI,"A-3, 22, Block A3, Janakpuri, New Delhi, Delhi, 110058, India",construction companies,"Mobile App Development, Analytics Integration",18.0,info@anejaconstructions.com,Not Found,https://www.linkedin.com/company/aneja-constructions-india-limited
Dynacon Projects Pvt. Ltd.,http://www.dynaconprojects.com/,Yes,+91 92054 85826,75,Medium,4.7,SerpAPI,"2, B-2/36, Site-B, Surajpur, UPSIDC Ind Area, 37, Site B Industrial Area Rd, Block B, UPSIDC Site B, Surajpur, Greater Noida, Uttar Pradesh 201306, India",construction companies,"Mobile App Development, Digital Marketing, AI Chatbot / CRM, CRM / HRM Software, Cloud Services, E-Commerce Development",55.0,office@dynaconprojects.com,Not Found,https://www.linkedin.com/company/dynacon-projects-pvt-ltd
Poddar Infratech Pvt Ltd,http://poddarconstruction.com/,Yes,+91 11 2705 8615,71,Medium,4.4,SerpAPI,"Crowne Heights, Twin District Centre, 202, Swarn Jayanti Park, Sector 10, Rohini, New Delhi, Delhi 110085, India",construction companies,"Mobile App Development, Digital Marketing, AI Chatbot / CRM, Cloud Services, Analytics Integration, E-Commerce Development",54.0,info@poddarinfra.com,Poddar,https://www.linkedin.com/company/poddar-infratech-pvt-ltd
BRIJ GOPAL CONSTRUCTION Pvt Ltd.,,No,,83,High,4.1,SerpAPI,"Vikas surya shopping mall, Mangalam Place, Rohini, Delhi, 110085, India",construction companies,"Web Development, Mobile App Development, Digital Marketing, AI Chatbot / CRM",85.0,info@brijgopal.com,Brij Gopal,https://www.linkedin.com/company/brij-gopal-construction-pvt-ltd
Varindera Constructions Limited,http://vclgroup.in/,Yes,+91 124 404 6363,61,Medium,4.3,SerpAPI,"Plot No-65, Sector-18, Sarhaul, Village, Gurugram, Haryana 122015, India",construction companies,"Mobile App Development, AI Chatbot / CRM, CRM / HRM Software, E-Commerce Development",36.0,info@vclgroup.in,Varindera,https://www.linkedin.com/authwall
DigiCoders Technologies Private Limited,https://digicoders.in/,Yes,+91 91984 83820,48,Low,4.8,SerpAPI,"2nd Floor, B, 36, near Ram Ram Bank Chauraha, Sector O, Aliganj, Lucknow, Uttar Pradesh 226021, India",it companies,None Identified,0.0,info@digicoders.in,Not Found,https://www.linkedin.com/company/digicoders
Mind You Infotech,https://mindyouinfotech.com/,Yes,+91 95172 86642,49,Low,4.9,SerpAPI,"UGF,Shop No.1,57, Om Sai Plaza, Harihar Nagar, Indira Nagar, Lucknow, Uttar Pradesh 226016, India",it companies,None Identified,0.0,info@mindyouinfotech.com,Not Found,https://www.linkedin.com/company/mindyouinfotec
Signature IT Software Designers,http://signaturesoftware.in/,Yes,+91 86682 10745,49,Low,4.5,SerpAPI,"3rd floor, Sikka House, A1/1, Vibhuti Khand, Gomti Nagar, Lucknow, Uttar Pradesh 226010, India",it companies,Cloud Services,8.0,support@signaturesoftware.in,Not Found,https://www.linkedin.com/in/signature-it-software-b90228208
Taksh IT Solutions Private Limited,https://takshitsolutions.com/,Yes,+91 95606 02339,45,Low,4.5,SerpAPI,"TOWER-C, ITHUM TOWER 912A, Sector 62, Noida, Uttar Pradesh 201301, India",it companies,None Identified,0.0,business@takshitsolutions.com,Not Found,https://www.linkedin.com/company/takshitsolutions
Omninet Technologies (P) Limited - Best IT Company in Lucknow for Clients & Tech Talent,http://www.otpl.co.in/,Yes,+91 522 415 0500,48,Low,4.0,SerpAPI,"28, near Burlington crossing, Barafkhana, Murli Nagar, Husainganj, Lucknow, Uttar Pradesh 226001, India",it companies,"SSL / Security, E-Commerce Development",17.0,info@otpl.co.in,Not Found,https://www.linkedin.com/company/omninettechnologiesofficial
Websofy Software Private Limited | Software Development | Website Development | Digital Marketing Company in Lucknow,https://www.websofy.com/,Yes,+91 93357 85354,51,Low,4.7,SerpAPI,"Sharan Vihar, HN-48, Sugamau Rd, Indira Nagar, Lucknow, Uttar Pradesh 226015, India",it companies,E-Commerce Development,8.0,info@websofy.com,Not Found,https://www.linkedin.com/company/websofypvtltd
Amitoos IT Services Private Limited (OPC),http://www.amitoos.com/,Yes,+91 90448 33555,50,Low,4.6,SerpAPI,"IIIrd Floor, 3D, 1 135, Sector 1, Vikas Nagar, Lucknow, Uttar Pradesh 226022, India",it companies,Cloud Services,8.0,contact@amitoos.com,Not Found,https://www.linkedin.com/company/amitoos-services
Jamtech Technologies Pvt. Ltd,http://jamtechtechnologies.com/,Yes,+91 79058 02595,47,Low,4.7,SerpAPI,"CP-43, 1st Floor, The Engineering Tower, Sec-E, Engineering College Rd, behind SBI Bank, Sector B, Aliganj, Lucknow, Uttar Pradesh 226021, India",it companies,None Identified,0.0,sales@jamtech.in,Not Found,https://in.linkedin.com/company/jamtech-technologies-pvt-ltd-95722ab2
SigmaIT Software Designers Pvt Ltd.,https://www.sigmasoftwares.org/,Yes,+91 99569 73891,48,Low,4.4,SerpAPI,"2/517, Vijay Khand Rd, Vijay Khand, Ujariyaon, Vijay Khand 2, Gomti Nagar, Lucknow, Uttar Pradesh 226010, India",it companies,E-Commerce Development,8.0,support@sigmasoftwares.co.in,Not Found,https://www.linkedin.com/company/sigma-software
Duplex Technologies Services Pvt Ltd,https://www.duplextech.com/,Yes,+91 94520 00089,43,Low,4.3,SerpAPI,"SF-1, 2nd Floor, Adharshila Complex, Kursi Rd, Shekhupura, Aliganj, Lucknow, Uttar Pradesh 226024, India",it companies,None Identified,0.0,sales@duplextech.com,Not Found,https://in.linkedin.com/company/duplex-technologies-services
M.A. Construction | Best Construction Company in kolkata,https://mabuildingconstruction.com/,Yes,+91 74393 29904,71,Medium,4.9,SerpAPI,"6/7A, AJC Bose Rd, Elgin, Kolkata, West Bengal 700017, India",construction companies,"Mobile App Development, AI Chatbot / CRM, CRM / HRM Software, Cloud Services, E-Commerce Development",44.0,info@mabuildingconstruction.com,Not Found,https://www.linkedin.com/company/ma-building-construction
Debjani Construction(Construction Co. Santoshpur)-Best Construction Company in Santoshpur Kolkata,,No,+91 98300 56751,88,High,4.6,SerpAPI,"26, Lake East 3rd Rd, Lake Terrace, Santoshpur, Kolkata, West Bengal 700075, India",construction companies,"Web Development, Mobile App Development, Digital Marketing, AI Chatbot / CRM",85.0,info@debjaniconstruction.com,Not Found,https://www.linkedin.com/company/debjani-construction
Nu Calcutta Construction Company,http://nucalcutta.com/,Yes,+91 33 2290 1714,72,High,3.6,SerpAPI,"25 A & B, Nasiruddin Road, Kolkata, West Bengal 700017, India",construction companies,"Mobile App Development, Digital Marketing, SSL / Security, AI Chatbot / CRM, CRM / HRM Software, Cloud Services, Analytics Integration, E-Commerce Development",71.0,nccc@nucalcutta.com,Not Found,https://www.linkedin.com/company/nu-calcutta-construction-company
OM KCS Builders and Developer,https://siddhart635.wixsite.com/omkcs,Yes,+91 99033 34646,57,Low,4.9,SerpAPI,"BLOCK-J, 1712, Tagore Park Rd, near GAYANPITH SCHOOL, Laskarhat, Tagore Park, Kasba, Kolkata, West Bengal 700039, India",construction companies,"AI Chatbot / CRM, Analytics Integration",15.0,omkcs2010@gamil.com,Not Found,https://www.linkedin.com/company/wix-com
Simplex Projects Limited,http://www.simplexprojects.com/,Yes,+91 33 2252 7231,66,Medium,4.2,SerpAPI,"12/1, Nellie Sengupta Sarani, Lindsay St, Near Titan Showroom, Kolkata, West Bengal 700087, India",construction companies,"Website Revamp, Mobile App Development, AI Chatbot / CRM, Analytics Integration, E-Commerce Development",48.0,investors@simplexprojects.com,Not Found,https://www.linkedin.com/company/simplex-projects-limited
R K Group of Companies,https://www.linkedin.com/company/r-k-group,Yes,+91 98300 52718,74,Medium,4.6,SerpAPI,"CB 8, Sector 1, Salt Lake City, Kolkata, West Bengal 700064, India",construction companies,"Website Revamp, Mobile App Development, AI Chatbot / CRM, Cloud Services, Analytics Integration, E-Commerce Development",56.0,jubao@lingying.com,Not Found,https://www.linkedin.com/top-content
Royal Infraconstru Limited,http://royalconstruct.com/,Yes,+91 33 4018 8200,61,Medium,4.3,SerpAPI,"4th Floor, TOWER-1, DP Block, Sector V, Bidhannagar, Kolkata, West Bengal 700091, India",construction companies,"Mobile App Development, AI Chatbot / CRM, Analytics Integration, E-Commerce Development",35.0,info@royalconstruct.com,Not Found,https://in.linkedin.com/company/royal-infraconstru-ltd-
Kuber Dutt construction Pvt. Ltd,http://www.kuberdutt.com/,Yes,+91 33 2337 5557,67,Medium,4.1,SerpAPI,"112 AG, 8th Floor , Unit No.-809, AMP Baisakhi, AG Block, Sector 2, Bidhannagar, Kolkata, West Bengal 700091, India",construction companies,"Website Revamp, Mobile App Development, Digital Marketing, Cloud Services, Analytics Integration",51.0,headoffice@kuberdutt.com,Kuber Dutt,https://www.linkedin.com/company/kuber-dutt-construction-pvt-ltd
Damodar Ropeways & Infra Limited(DRIL),http://ropeways.com/,Yes,+91 33 4022 6363,51,Low,4.1,SerpAPI,"8th Floor, Wing-A, Constantia, 11, Sir UN Brahmachari Sarani, West Bengal 700017, India",construction companies,"Mobile App Development, Cloud Services",19.0,info@dril.net.in,Damodar,https://in.linkedin.com/company/damodar-ropeways-infra-limited-official-page
Arcadia construction,,No,+91 91230 61719,88,High,4.6,SerpAPI,"P-426, Bansdroni Park, Ward Number 113, Kolkata, West Bengal 700070, India",construction companies,"Web Development, Mobile App Development, Digital Marketing, AI Chatbot / CRM",85.0,info@arcadiaconstruction.com,Not Found,Not Found
